cell,events,LM,LM_cache,LM_index,LM_memory,leak_rate,LM_all_lost,lost_docs_leaked_mean,LH_median_s,LH_median_leaking_s,censored,LH_index_median_leaking_s,analytic_index_staleness_mean_s
"cache_threshold=0.8,cache_ttl_s=600",200,"0.460 [0.407, 0.512]","0.460 [0.407, 0.512]","0.000 [0.000, 0.000]","0.008 [0.000, 0.020]",0.595,"0.460 [0.407, 0.512]",0.59,"600 [60, 600]","600 [600, 600]",2/200,n/a,
"cache_threshold=0.8,cache_ttl_s=3600",200,"0.464 [0.410, 0.516]","0.464 [0.410, 0.516]","0.000 [0.000, 0.000]","0.008 [0.000, 0.020]",0.600,"0.464 [0.410, 0.516]",0.60,"3600 [3600, 3600]","3600 [3600, 3600]",2/200,n/a,
"cache_threshold=0.8,cache_ttl_s=21600",200,"0.464 [0.410, 0.516]","0.464 [0.410, 0.516]","0.000 [0.000, 0.000]","0.008 [0.000, 0.020]",0.600,"0.464 [0.410, 0.516]",0.60,"28800 [28800, 28800]","28800 [28800, 28800]",2/200,n/a,
"cache_threshold=0.85,cache_ttl_s=600",200,"0.414 [0.359, 0.469]","0.414 [0.359, 0.469]","0.000 [0.000, 0.000]","0.008 [0.000, 0.020]",0.535,"0.414 [0.359, 0.469]",0.54,"60 [0, 600]","600 [600, 600]",2/200,n/a,
"cache_threshold=0.85,cache_ttl_s=3600",200,"0.418 [0.363, 0.473]","0.418 [0.363, 0.473]","0.000 [0.000, 0.000]","0.008 [0.000, 0.020]",0.540,"0.418 [0.363, 0.473]",0.54,"3600 [0, 3600]","3600 [3600, 3600]",2/200,n/a,
"cache_threshold=0.85,cache_ttl_s=21600",200,"0.418 [0.363, 0.473]","0.418 [0.363, 0.473]","0.000 [0.000, 0.000]","0.008 [0.000, 0.020]",0.540,"0.418 [0.363, 0.473]",0.54,"28800 [0, 28800]","28800 [28800, 28800]",2/200,n/a,
"cache_threshold=0.9,cache_ttl_s=600",200,"0.367 [0.312, 0.425]","0.367 [0.312, 0.425]","0.000 [0.000, 0.000]","0.008 [0.000, 0.020]",0.475,"0.367 [0.312, 0.425]",0.47,"0 [0, 600]","600 [600, 600]",2/200,n/a,
"cache_threshold=0.9,cache_ttl_s=3600",200,"0.367 [0.312, 0.425]","0.367 [0.312, 0.425]","0.000 [0.000, 0.000]","0.008 [0.000, 0.020]",0.475,"0.367 [0.312, 0.425]",0.47,"0 [0, 3600]","3600 [3600, 3600]",2/200,n/a,
"cache_threshold=0.9,cache_ttl_s=21600",200,"0.367 [0.312, 0.425]","0.367 [0.312, 0.425]","0.000 [0.000, 0.000]","0.008 [0.000, 0.020]",0.475,"0.367 [0.312, 0.425]",0.47,"0 [0, 28800]","28800 [28800, 28800]",2/200,n/a,
"cache_threshold=0.95,cache_ttl_s=600",200,"0.254 [0.203, 0.305]","0.254 [0.203, 0.305]","0.000 [0.000, 0.000]","0.008 [0.000, 0.020]",0.325,"0.254 [0.203, 0.305]",0.33,"0 [0, 0]","600 [600, 600]",2/200,n/a,
"cache_threshold=0.95,cache_ttl_s=3600",200,"0.254 [0.203, 0.305]","0.254 [0.203, 0.305]","0.000 [0.000, 0.000]","0.008 [0.000, 0.020]",0.325,"0.254 [0.203, 0.305]",0.33,"0 [0, 0]","3600 [3600, 3600]",2/200,n/a,
"cache_threshold=0.95,cache_ttl_s=21600",200,"0.254 [0.203, 0.305]","0.254 [0.203, 0.305]","0.000 [0.000, 0.000]","0.008 [0.000, 0.020]",0.325,"0.254 [0.203, 0.305]",0.33,"0 [0, 0]","28800 [28800, 28800]",2/200,n/a,
