cell,attacker,profile,n_test,model,channel,AUC,AUC_trial,TPR@1%FPR,balanced_acc
preset=strawman,insider,text_only,2400,threshold,rules,"0.603 [0.584, 0.622]","0.636 [0.590, 0.680]",0.000,0.540
preset=strawman,insider,text_only,2400,logreg,score,"0.500 [0.500, 0.500]","0.500 [0.500, 0.500]",0.000,0.500
preset=strawman,insider,text_only,2400,logreg,reranker,"0.500 [0.500, 0.500]","0.500 [0.500, 0.500]",0.000,0.500
preset=strawman,insider,text_only,2400,logreg,latency,"0.563 [0.537, 0.586]","0.554 [0.510, 0.600]",0.015,0.570
preset=strawman,insider,text_only,2400,logreg,refusal,"0.572 [0.549, 0.594]","0.578 [0.535, 0.622]",0.000,0.569
preset=strawman,insider,text_only,2400,logreg,content,"0.604 [0.582, 0.626]","0.603 [0.561, 0.643]",0.198,0.578
preset=strawman,insider,text_only,2400,logreg,combined,"0.612 [0.590, 0.635]","0.646 [0.602, 0.691]",0.257,0.577
preset=strawman,insider,text_only,2400,gboost,score,"0.500 [0.500, 0.500]","0.500 [0.500, 0.500]",0.000,0.500
preset=strawman,insider,text_only,2400,gboost,reranker,"0.500 [0.500, 0.500]","0.500 [0.500, 0.500]",0.000,0.500
preset=strawman,insider,text_only,2400,gboost,latency,"0.565 [0.543, 0.586]","0.564 [0.521, 0.612]",0.022,0.557
preset=strawman,insider,text_only,2400,gboost,refusal,"0.587 [0.565, 0.610]","0.589 [0.543, 0.635]",0.068,0.569
preset=strawman,insider,text_only,2400,gboost,content,"0.707 [0.687, 0.725]","0.707 [0.673, 0.738]",0.307,0.649
preset=strawman,insider,text_only,2400,gboost,combined,"0.705 [0.685, 0.726]","0.721 [0.683, 0.760]",0.313,0.633
preset=strawman,insider,with_sources,2400,threshold,rules,"0.605 [0.586, 0.624]","0.644 [0.599, 0.687]",0.000,0.508
preset=strawman,insider,with_sources,2400,logreg,score,"0.872 [0.858, 0.886]","0.923 [0.903, 0.942]",0.339,0.807
preset=strawman,insider,with_sources,2400,logreg,reranker,"0.500 [0.500, 0.500]","0.500 [0.500, 0.500]",0.000,0.500
preset=strawman,insider,with_sources,2400,logreg,latency,"0.563 [0.537, 0.586]","0.554 [0.510, 0.600]",0.015,0.570
preset=strawman,insider,with_sources,2400,logreg,refusal,"0.572 [0.549, 0.594]","0.578 [0.535, 0.622]",0.000,0.569
preset=strawman,insider,with_sources,2400,logreg,content,"0.604 [0.582, 0.626]","0.603 [0.561, 0.643]",0.198,0.578
preset=strawman,insider,with_sources,2400,logreg,combined,"0.878 [0.864, 0.891]","0.933 [0.915, 0.950]",0.395,0.805
preset=strawman,insider,with_sources,2400,gboost,score,"0.887 [0.873, 0.900]","0.945 [0.928, 0.960]",0.388,0.800
preset=strawman,insider,with_sources,2400,gboost,reranker,"0.500 [0.500, 0.500]","0.500 [0.500, 0.500]",0.000,0.500
preset=strawman,insider,with_sources,2400,gboost,latency,"0.565 [0.543, 0.586]","0.564 [0.521, 0.612]",0.022,0.557
preset=strawman,insider,with_sources,2400,gboost,refusal,"0.587 [0.565, 0.610]","0.589 [0.543, 0.635]",0.068,0.569
preset=strawman,insider,with_sources,2400,gboost,content,"0.707 [0.687, 0.725]","0.707 [0.673, 0.738]",0.307,0.649
preset=strawman,insider,with_sources,2400,gboost,combined,"0.924 [0.914, 0.935]","0.971 [0.959, 0.980]",0.495,0.853
preset=strawman,insider,with_reranker,2400,threshold,rules,"0.605 [0.586, 0.624]","0.644 [0.599, 0.687]",0.000,0.508
preset=strawman,insider,with_reranker,2400,logreg,score,"0.872 [0.858, 0.886]","0.923 [0.903, 0.942]",0.339,0.807
preset=strawman,insider,with_reranker,2400,logreg,reranker,"0.900 [0.887, 0.914]","0.992 [0.987, 0.997]",0.387,0.842
preset=strawman,insider,with_reranker,2400,logreg,latency,"0.563 [0.537, 0.586]","0.554 [0.510, 0.600]",0.015,0.570
preset=strawman,insider,with_reranker,2400,logreg,refusal,"0.572 [0.549, 0.594]","0.578 [0.535, 0.622]",0.000,0.569
preset=strawman,insider,with_reranker,2400,logreg,content,"0.604 [0.582, 0.626]","0.603 [0.561, 0.643]",0.198,0.578
preset=strawman,insider,with_reranker,2400,logreg,combined,"0.928 [0.918, 0.939]","0.990 [0.984, 0.994]",0.450,0.866
preset=strawman,insider,with_reranker,2400,gboost,score,"0.887 [0.873, 0.900]","0.945 [0.928, 0.960]",0.388,0.800
preset=strawman,insider,with_reranker,2400,gboost,reranker,"0.984 [0.980, 0.989]","1.000 [1.000, 1.000]",0.789,0.940
preset=strawman,insider,with_reranker,2400,gboost,latency,"0.565 [0.543, 0.586]","0.564 [0.521, 0.612]",0.022,0.557
preset=strawman,insider,with_reranker,2400,gboost,refusal,"0.587 [0.565, 0.610]","0.589 [0.543, 0.635]",0.068,0.569
preset=strawman,insider,with_reranker,2400,gboost,content,"0.707 [0.687, 0.725]","0.707 [0.673, 0.738]",0.307,0.649
preset=strawman,insider,with_reranker,2400,gboost,combined,"0.985 [0.981, 0.989]","1.000 [1.000, 1.000]",0.709,0.954
preset=strawman,outsider,text_only,2400,threshold,rules,"0.592 [0.574, 0.611]","0.625 [0.584, 0.663]",0.000,0.526
preset=strawman,outsider,text_only,2400,logreg,score,"0.500 [0.500, 0.500]","0.500 [0.500, 0.500]",0.000,0.500
preset=strawman,outsider,text_only,2400,logreg,reranker,"0.500 [0.500, 0.500]","0.500 [0.500, 0.500]",0.000,0.500
preset=strawman,outsider,text_only,2400,logreg,latency,"0.563 [0.540, 0.586]","0.562 [0.516, 0.607]",0.009,0.559
preset=strawman,outsider,text_only,2400,logreg,refusal,"0.560 [0.538, 0.582]","0.557 [0.514, 0.599]",0.000,0.563
preset=strawman,outsider,text_only,2400,logreg,content,"0.601 [0.580, 0.623]","0.604 [0.567, 0.642]",0.201,0.572
preset=strawman,outsider,text_only,2400,logreg,combined,"0.605 [0.583, 0.628]","0.629 [0.586, 0.672]",0.249,0.576
preset=strawman,outsider,text_only,2400,gboost,score,"0.500 [0.500, 0.500]","0.500 [0.500, 0.500]",0.000,0.500
preset=strawman,outsider,text_only,2400,gboost,reranker,"0.500 [0.500, 0.500]","0.500 [0.500, 0.500]",0.000,0.500
preset=strawman,outsider,text_only,2400,gboost,latency,"0.550 [0.528, 0.575]","0.556 [0.508, 0.603]",0.011,0.547
preset=strawman,outsider,text_only,2400,gboost,refusal,"0.573 [0.550, 0.595]","0.566 [0.523, 0.608]",0.059,0.564
preset=strawman,outsider,text_only,2400,gboost,content,"0.702 [0.682, 0.721]","0.712 [0.681, 0.742]",0.312,0.645
preset=strawman,outsider,text_only,2400,gboost,combined,"0.694 [0.673, 0.714]","0.696 [0.652, 0.736]",0.312,0.632
preset=strawman,outsider,with_sources,2400,threshold,rules,"0.593 [0.574, 0.612]","0.609 [0.568, 0.649]",0.000,0.501
preset=strawman,outsider,with_sources,2400,logreg,score,"0.873 [0.858, 0.887]","0.922 [0.903, 0.940]",0.318,0.807
preset=strawman,outsider,with_sources,2400,logreg,reranker,"0.500 [0.500, 0.500]","0.500 [0.500, 0.500]",0.000,0.500
preset=strawman,outsider,with_sources,2400,logreg,latency,"0.563 [0.540, 0.586]","0.562 [0.516, 0.607]",0.009,0.559
preset=strawman,outsider,with_sources,2400,logreg,refusal,"0.560 [0.538, 0.582]","0.557 [0.514, 0.599]",0.000,0.563
preset=strawman,outsider,with_sources,2400,logreg,content,"0.601 [0.580, 0.623]","0.604 [0.567, 0.642]",0.201,0.572
preset=strawman,outsider,with_sources,2400,logreg,combined,"0.875 [0.861, 0.888]","0.931 [0.912, 0.949]",0.407,0.807
preset=strawman,outsider,with_sources,2400,gboost,score,"0.884 [0.871, 0.897]","0.945 [0.929, 0.959]",0.398,0.801
preset=strawman,outsider,with_sources,2400,gboost,reranker,"0.500 [0.500, 0.500]","0.500 [0.500, 0.500]",0.000,0.500
preset=strawman,outsider,with_sources,2400,gboost,latency,"0.550 [0.528, 0.575]","0.556 [0.508, 0.603]",0.011,0.547
preset=strawman,outsider,with_sources,2400,gboost,refusal,"0.573 [0.550, 0.595]","0.566 [0.523, 0.608]",0.059,0.564
preset=strawman,outsider,with_sources,2400,gboost,content,"0.702 [0.682, 0.721]","0.712 [0.681, 0.742]",0.312,0.645
preset=strawman,outsider,with_sources,2400,gboost,combined,"0.924 [0.914, 0.935]","0.973 [0.961, 0.982]",0.527,0.853
preset=strawman,outsider,with_reranker,2400,threshold,rules,"0.593 [0.574, 0.612]","0.609 [0.568, 0.649]",0.000,0.501
preset=strawman,outsider,with_reranker,2400,logreg,score,"0.873 [0.858, 0.887]","0.922 [0.903, 0.940]",0.318,0.807
preset=strawman,outsider,with_reranker,2400,logreg,reranker,"0.900 [0.887, 0.914]","0.992 [0.987, 0.997]",0.386,0.836
preset=strawman,outsider,with_reranker,2400,logreg,latency,"0.563 [0.540, 0.586]","0.562 [0.516, 0.607]",0.009,0.559
preset=strawman,outsider,with_reranker,2400,logreg,refusal,"0.560 [0.538, 0.582]","0.557 [0.514, 0.599]",0.000,0.563
preset=strawman,outsider,with_reranker,2400,logreg,content,"0.601 [0.580, 0.623]","0.604 [0.567, 0.642]",0.201,0.572
preset=strawman,outsider,with_reranker,2400,logreg,combined,"0.929 [0.918, 0.938]","0.991 [0.985, 0.995]",0.463,0.866
preset=strawman,outsider,with_reranker,2400,gboost,score,"0.884 [0.871, 0.897]","0.945 [0.929, 0.959]",0.398,0.801
preset=strawman,outsider,with_reranker,2400,gboost,reranker,"0.983 [0.978, 0.988]","1.000 [1.000, 1.000]",0.848,0.946
preset=strawman,outsider,with_reranker,2400,gboost,latency,"0.550 [0.528, 0.575]","0.556 [0.508, 0.603]",0.011,0.547
preset=strawman,outsider,with_reranker,2400,gboost,refusal,"0.573 [0.550, 0.595]","0.566 [0.523, 0.608]",0.059,0.564
preset=strawman,outsider,with_reranker,2400,gboost,content,"0.702 [0.682, 0.721]","0.712 [0.681, 0.742]",0.312,0.645
preset=strawman,outsider,with_reranker,2400,gboost,combined,"0.985 [0.981, 0.989]","1.000 [1.000, 1.000]",0.688,0.952
preset=strawman,all,text_only,4800,threshold,rules,"0.598 [0.584, 0.611]","0.627 [0.595, 0.657]",0.000,0.533
preset=strawman,all,text_only,4800,logreg,score,"0.500 [0.500, 0.500]","0.500 [0.500, 0.500]",0.000,0.500
preset=strawman,all,text_only,4800,logreg,reranker,"0.500 [0.500, 0.500]","0.500 [0.500, 0.500]",0.000,0.500
preset=strawman,all,text_only,4800,logreg,latency,"0.563 [0.547, 0.579]","0.558 [0.524, 0.590]",0.012,0.563
preset=strawman,all,text_only,4800,logreg,refusal,"0.564 [0.548, 0.579]","0.566 [0.535, 0.596]",0.000,0.566
preset=strawman,all,text_only,4800,logreg,content,"0.604 [0.589, 0.619]","0.604 [0.577, 0.629]",0.201,0.574
preset=strawman,all,text_only,4800,logreg,combined,"0.606 [0.591, 0.624]","0.637 [0.605, 0.666]",0.254,0.574
preset=strawman,all,text_only,4800,gboost,score,"0.500 [0.500, 0.500]","0.500 [0.500, 0.500]",0.000,0.500
preset=strawman,all,text_only,4800,gboost,reranker,"0.500 [0.500, 0.500]","0.500 [0.500, 0.500]",0.000,0.500
preset=strawman,all,text_only,4800,gboost,latency,"0.555 [0.540, 0.572]","0.548 [0.516, 0.580]",0.015,0.553
preset=strawman,all,text_only,4800,gboost,refusal,"0.576 [0.560, 0.592]","0.573 [0.543, 0.602]",0.058,0.564
preset=strawman,all,text_only,4800,gboost,content,"0.706 [0.692, 0.719]","0.713 [0.692, 0.734]",0.310,0.650
preset=strawman,all,text_only,4800,gboost,combined,"0.698 [0.684, 0.713]","0.706 [0.678, 0.734]",0.310,0.639
preset=strawman,all,with_sources,4800,threshold,rules,"0.599 [0.585, 0.612]","0.624 [0.593, 0.653]",0.000,0.504
preset=strawman,all,with_sources,4800,logreg,score,"0.872 [0.862, 0.882]","0.922 [0.907, 0.935]",0.320,0.807
preset=strawman,all,with_sources,4800,logreg,reranker,"0.500 [0.500, 0.500]","0.500 [0.500, 0.500]",0.000,0.500
preset=strawman,all,with_sources,4800,logreg,latency,"0.563 [0.547, 0.579]","0.558 [0.524, 0.590]",0.012,0.563
preset=strawman,all,with_sources,4800,logreg,refusal,"0.564 [0.548, 0.579]","0.566 [0.535, 0.596]",0.000,0.566
preset=strawman,all,with_sources,4800,logreg,content,"0.604 [0.589, 0.619]","0.604 [0.577, 0.629]",0.201,0.574
preset=strawman,all,with_sources,4800,logreg,combined,"0.875 [0.865, 0.886]","0.930 [0.917, 0.943]",0.408,0.804
preset=strawman,all,with_sources,4800,gboost,score,"0.883 [0.873, 0.892]","0.942 [0.929, 0.953]",0.392,0.802
preset=strawman,all,with_sources,4800,gboost,reranker,"0.500 [0.500, 0.500]","0.500 [0.500, 0.500]",0.000,0.500
preset=strawman,all,with_sources,4800,gboost,latency,"0.555 [0.540, 0.572]","0.548 [0.516, 0.580]",0.015,0.553
preset=strawman,all,with_sources,4800,gboost,refusal,"0.576 [0.560, 0.592]","0.573 [0.543, 0.602]",0.058,0.564
preset=strawman,all,with_sources,4800,gboost,content,"0.706 [0.692, 0.719]","0.713 [0.692, 0.734]",0.310,0.650
preset=strawman,all,with_sources,4800,gboost,combined,"0.924 [0.917, 0.931]","0.972 [0.964, 0.979]",0.512,0.851
preset=strawman,all,with_reranker,4800,threshold,rules,"0.599 [0.585, 0.612]","0.624 [0.593, 0.653]",0.000,0.504
preset=strawman,all,with_reranker,4800,logreg,score,"0.872 [0.862, 0.882]","0.922 [0.907, 0.935]",0.320,0.807
preset=strawman,all,with_reranker,4800,logreg,reranker,"0.901 [0.892, 0.909]","0.992 [0.989, 0.995]",0.386,0.838
preset=strawman,all,with_reranker,4800,logreg,latency,"0.563 [0.547, 0.579]","0.558 [0.524, 0.590]",0.012,0.563
preset=strawman,all,with_reranker,4800,logreg,refusal,"0.564 [0.548, 0.579]","0.566 [0.535, 0.596]",0.000,0.566
preset=strawman,all,with_reranker,4800,logreg,content,"0.604 [0.589, 0.619]","0.604 [0.577, 0.629]",0.201,0.574
preset=strawman,all,with_reranker,4800,logreg,combined,"0.929 [0.921, 0.935]","0.991 [0.987, 0.995]",0.453,0.867
preset=strawman,all,with_reranker,4800,gboost,score,"0.883 [0.873, 0.892]","0.942 [0.929, 0.953]",0.392,0.802
preset=strawman,all,with_reranker,4800,gboost,reranker,"0.983 [0.980, 0.987]","1.000 [1.000, 1.000]",0.841,0.946
preset=strawman,all,with_reranker,4800,gboost,latency,"0.555 [0.540, 0.572]","0.548 [0.516, 0.580]",0.015,0.553
preset=strawman,all,with_reranker,4800,gboost,refusal,"0.576 [0.560, 0.592]","0.573 [0.543, 0.602]",0.058,0.564
preset=strawman,all,with_reranker,4800,gboost,content,"0.706 [0.692, 0.719]","0.713 [0.692, 0.734]",0.310,0.650
preset=strawman,all,with_reranker,4800,gboost,combined,"0.983 [0.980, 0.987]","1.000 [1.000, 1.000]",0.689,0.948
preset=baseline,insider,text_only,2400,threshold,rules,"0.572 [0.556, 0.589]","0.567 [0.533, 0.601]",0.000,0.571
preset=baseline,insider,text_only,2400,logreg,score,"0.500 [0.500, 0.500]","0.500 [0.500, 0.500]",0.000,0.500
preset=baseline,insider,text_only,2400,logreg,reranker,"0.500 [0.500, 0.500]","0.500 [0.500, 0.500]",0.000,0.500
preset=baseline,insider,text_only,2400,logreg,latency,"0.554 [0.533, 0.577]","0.559 [0.514, 0.602]",0.008,0.551
preset=baseline,insider,text_only,2400,logreg,refusal,"0.553 [0.531, 0.574]","0.551 [0.506, 0.592]",0.058,0.546
preset=baseline,insider,text_only,2400,logreg,content,"0.590 [0.568, 0.612]","0.610 [0.567, 0.654]",0.201,0.563
preset=baseline,insider,text_only,2400,logreg,combined,"0.613 [0.591, 0.635]","0.658 [0.616, 0.700]",0.203,0.578
preset=baseline,insider,text_only,2400,gboost,score,"0.500 [0.500, 0.500]","0.500 [0.500, 0.500]",0.000,0.500
preset=baseline,insider,text_only,2400,gboost,reranker,"0.500 [0.500, 0.500]","0.500 [0.500, 0.500]",0.000,0.500
preset=baseline,insider,text_only,2400,gboost,latency,"0.539 [0.517, 0.562]","0.534 [0.487, 0.581]",0.007,0.539
preset=baseline,insider,text_only,2400,gboost,refusal,"0.548 [0.527, 0.569]","0.540 [0.496, 0.585]",0.061,0.543
preset=baseline,insider,text_only,2400,gboost,content,"0.717 [0.698, 0.736]","0.728 [0.689, 0.768]",0.302,0.647
preset=baseline,insider,text_only,2400,gboost,combined,"0.705 [0.684, 0.725]","0.712 [0.668, 0.747]",0.303,0.631
preset=baseline,insider,with_sources,2400,threshold,rules,"0.571 [0.551, 0.592]","0.567 [0.526, 0.611]",0.000,0.550
preset=baseline,insider,with_sources,2400,logreg,score,"0.542 [0.519, 0.566]","0.562 [0.516, 0.609]",0.060,0.537
preset=baseline,insider,with_sources,2400,logreg,reranker,"0.500 [0.500, 0.500]","0.500 [0.500, 0.500]",0.000,0.500
preset=baseline,insider,with_sources,2400,logreg,latency,"0.554 [0.533, 0.577]","0.559 [0.514, 0.602]",0.008,0.551
preset=baseline,insider,with_sources,2400,logreg,refusal,"0.553 [0.531, 0.574]","0.551 [0.506, 0.592]",0.058,0.546
preset=baseline,insider,with_sources,2400,logreg,content,"0.590 [0.568, 0.612]","0.610 [0.567, 0.654]",0.201,0.563
preset=baseline,insider,with_sources,2400,logreg,combined,"0.614 [0.592, 0.635]","0.653 [0.612, 0.694]",0.213,0.579
preset=baseline,insider,with_sources,2400,gboost,score,"0.552 [0.530, 0.575]","0.557 [0.510, 0.600]",0.059,0.540
preset=baseline,insider,with_sources,2400,gboost,reranker,"0.500 [0.500, 0.500]","0.500 [0.500, 0.500]",0.000,0.500
preset=baseline,insider,with_sources,2400,gboost,latency,"0.539 [0.517, 0.562]","0.534 [0.487, 0.581]",0.007,0.539
preset=baseline,insider,with_sources,2400,gboost,refusal,"0.548 [0.527, 0.569]","0.540 [0.496, 0.585]",0.061,0.543
preset=baseline,insider,with_sources,2400,gboost,content,"0.717 [0.698, 0.736]","0.728 [0.689, 0.768]",0.302,0.647
preset=baseline,insider,with_sources,2400,gboost,combined,"0.709 [0.689, 0.729]","0.721 [0.680, 0.758]",0.305,0.640
preset=baseline,insider,with_reranker,2400,threshold,rules,"0.571 [0.551, 0.592]","0.567 [0.526, 0.611]",0.000,0.550
preset=baseline,insider,with_reranker,2400,logreg,score,"0.542 [0.519, 0.566]","0.562 [0.516, 0.609]",0.060,0.537
preset=baseline,insider,with_reranker,2400,logreg,reranker,"0.527 [0.504, 0.549]","0.560 [0.517, 0.604]",0.006,0.515
preset=baseline,insider,with_reranker,2400,logreg,latency,"0.554 [0.533, 0.577]","0.559 [0.514, 0.602]",0.008,0.551
preset=baseline,insider,with_reranker,2400,logreg,refusal,"0.553 [0.531, 0.574]","0.551 [0.506, 0.592]",0.058,0.546
preset=baseline,insider,with_reranker,2400,logreg,content,"0.590 [0.568, 0.612]","0.610 [0.567, 0.654]",0.201,0.563
preset=baseline,insider,with_reranker,2400,logreg,combined,"0.615 [0.593, 0.635]","0.653 [0.611, 0.694]",0.214,0.579
preset=baseline,insider,with_reranker,2400,gboost,score,"0.552 [0.530, 0.575]","0.557 [0.510, 0.600]",0.059,0.540
preset=baseline,insider,with_reranker,2400,gboost,reranker,"0.571 [0.548, 0.592]","0.707 [0.668, 0.744]",0.081,0.538
preset=baseline,insider,with_reranker,2400,gboost,latency,"0.539 [0.517, 0.562]","0.534 [0.487, 0.581]",0.007,0.539
preset=baseline,insider,with_reranker,2400,gboost,refusal,"0.548 [0.527, 0.569]","0.540 [0.496, 0.585]",0.061,0.543
preset=baseline,insider,with_reranker,2400,gboost,content,"0.717 [0.698, 0.736]","0.728 [0.689, 0.768]",0.302,0.647
preset=baseline,insider,with_reranker,2400,gboost,combined,"0.714 [0.695, 0.733]","0.726 [0.683, 0.763]",0.303,0.636
preset=baseline,outsider,text_only,2400,threshold,rules,"0.500 [0.488, 0.512]","0.500 [0.473, 0.525]",0.000,0.500
preset=baseline,outsider,text_only,2400,logreg,score,"0.500 [0.500, 0.500]","0.500 [0.500, 0.500]",0.000,0.500
preset=baseline,outsider,text_only,2400,logreg,reranker,"0.500 [0.500, 0.500]","0.500 [0.500, 0.500]",0.000,0.500
preset=baseline,outsider,text_only,2400,logreg,latency,"0.505 [0.483, 0.528]","0.500 [0.455, 0.545]",0.017,0.506
preset=baseline,outsider,text_only,2400,logreg,refusal,"0.500 [0.500, 0.500]","0.500 [0.500, 0.500]",0.000,0.500
preset=baseline,outsider,text_only,2400,logreg,content,"0.500 [0.500, 0.500]","0.500 [0.500, 0.500]",0.000,0.500
preset=baseline,outsider,text_only,2400,logreg,combined,"0.506 [0.482, 0.527]","0.500 [0.457, 0.548]",0.007,0.501
preset=baseline,outsider,text_only,2400,gboost,score,"0.500 [0.500, 0.500]","0.500 [0.500, 0.500]",0.000,0.500
preset=baseline,outsider,text_only,2400,gboost,reranker,"0.500 [0.500, 0.500]","0.500 [0.500, 0.500]",0.000,0.500
preset=baseline,outsider,text_only,2400,gboost,latency,"0.503 [0.482, 0.527]","0.520 [0.473, 0.564]",0.013,0.503
preset=baseline,outsider,text_only,2400,gboost,refusal,"0.500 [0.500, 0.500]","0.500 [0.500, 0.500]",0.000,0.500
preset=baseline,outsider,text_only,2400,gboost,content,"0.500 [0.500, 0.500]","0.500 [0.500, 0.500]",0.000,0.500
preset=baseline,outsider,text_only,2400,gboost,combined,"0.506 [0.485, 0.529]","0.516 [0.471, 0.564]",0.017,0.503
preset=baseline,outsider,with_sources,2400,threshold,rules,"0.500 [0.483, 0.516]","0.500 [0.460, 0.542]",0.000,0.500
preset=baseline,outsider,with_sources,2400,logreg,score,"0.500 [0.500, 0.500]","0.500 [0.500, 0.500]",0.000,0.500
preset=baseline,outsider,with_sources,2400,logreg,reranker,"0.500 [0.500, 0.500]","0.500 [0.500, 0.500]",0.000,0.500
preset=baseline,outsider,with_sources,2400,logreg,latency,"0.505 [0.483, 0.528]","0.500 [0.455, 0.545]",0.017,0.506
preset=baseline,outsider,with_sources,2400,logreg,refusal,"0.500 [0.500, 0.500]","0.500 [0.500, 0.500]",0.000,0.500
preset=baseline,outsider,with_sources,2400,logreg,content,"0.500 [0.500, 0.500]","0.500 [0.500, 0.500]",0.000,0.500
preset=baseline,outsider,with_sources,2400,logreg,combined,"0.506 [0.482, 0.526]","0.505 [0.461, 0.552]",0.007,0.500
preset=baseline,outsider,with_sources,2400,gboost,score,"0.500 [0.500, 0.500]","0.500 [0.500, 0.500]",0.000,0.500
preset=baseline,outsider,with_sources,2400,gboost,reranker,"0.500 [0.500, 0.500]","0.500 [0.500, 0.500]",0.000,0.500
preset=baseline,outsider,with_sources,2400,gboost,latency,"0.503 [0.482, 0.527]","0.520 [0.473, 0.564]",0.013,0.503
preset=baseline,outsider,with_sources,2400,gboost,refusal,"0.500 [0.500, 0.500]","0.500 [0.500, 0.500]",0.000,0.500
preset=baseline,outsider,with_sources,2400,gboost,content,"0.500 [0.500, 0.500]","0.500 [0.500, 0.500]",0.000,0.500
preset=baseline,outsider,with_sources,2400,gboost,combined,"0.503 [0.479, 0.526]","0.510 [0.463, 0.557]",0.016,0.504
preset=baseline,outsider,with_reranker,2400,threshold,rules,"0.500 [0.483, 0.516]","0.500 [0.460, 0.542]",0.000,0.500
preset=baseline,outsider,with_reranker,2400,logreg,score,"0.500 [0.500, 0.500]","0.500 [0.500, 0.500]",0.000,0.500
preset=baseline,outsider,with_reranker,2400,logreg,reranker,"0.500 [0.500, 0.500]","0.500 [0.500, 0.500]",0.000,0.500
preset=baseline,outsider,with_reranker,2400,logreg,latency,"0.505 [0.483, 0.528]","0.500 [0.455, 0.545]",0.017,0.506
preset=baseline,outsider,with_reranker,2400,logreg,refusal,"0.500 [0.500, 0.500]","0.500 [0.500, 0.500]",0.000,0.500
preset=baseline,outsider,with_reranker,2400,logreg,content,"0.500 [0.500, 0.500]","0.500 [0.500, 0.500]",0.000,0.500
preset=baseline,outsider,with_reranker,2400,logreg,combined,"0.506 [0.482, 0.527]","0.505 [0.462, 0.553]",0.007,0.502
preset=baseline,outsider,with_reranker,2400,gboost,score,"0.500 [0.500, 0.500]","0.500 [0.500, 0.500]",0.000,0.500
preset=baseline,outsider,with_reranker,2400,gboost,reranker,"0.500 [0.500, 0.500]","0.500 [0.500, 0.500]",0.000,0.500
preset=baseline,outsider,with_reranker,2400,gboost,latency,"0.503 [0.482, 0.527]","0.520 [0.473, 0.564]",0.013,0.503
preset=baseline,outsider,with_reranker,2400,gboost,refusal,"0.500 [0.500, 0.500]","0.500 [0.500, 0.500]",0.000,0.500
preset=baseline,outsider,with_reranker,2400,gboost,content,"0.500 [0.500, 0.500]","0.500 [0.500, 0.500]",0.000,0.500
preset=baseline,outsider,with_reranker,2400,gboost,combined,"0.512 [0.489, 0.535]","0.522 [0.474, 0.567]",0.012,0.505
preset=baseline,all,text_only,4800,threshold,rules,"0.536 [0.526, 0.547]","0.532 [0.510, 0.554]",0.000,0.536
preset=baseline,all,text_only,4800,logreg,score,"0.500 [0.500, 0.500]","0.500 [0.500, 0.500]",0.000,0.500
preset=baseline,all,text_only,4800,logreg,reranker,"0.500 [0.500, 0.500]","0.500 [0.500, 0.500]",0.000,0.500
preset=baseline,all,text_only,4800,logreg,latency,"0.526 [0.510, 0.543]","0.528 [0.497, 0.560]",0.000,0.527
preset=baseline,all,text_only,4800,logreg,refusal,"0.524 [0.509, 0.540]","0.521 [0.492, 0.550]",0.029,0.522
preset=baseline,all,text_only,4800,logreg,content,"0.544 [0.528, 0.560]","0.553 [0.525, 0.583]",0.089,0.531
preset=baseline,all,text_only,4800,logreg,combined,"0.557 [0.541, 0.574]","0.575 [0.543, 0.607]",0.102,0.538
preset=baseline,all,text_only,4800,gboost,score,"0.500 [0.500, 0.500]","0.500 [0.500, 0.500]",0.000,0.500
preset=baseline,all,text_only,4800,gboost,reranker,"0.500 [0.500, 0.500]","0.500 [0.500, 0.500]",0.000,0.500
preset=baseline,all,text_only,4800,gboost,latency,"0.513 [0.495, 0.529]","0.517 [0.483, 0.549]",0.008,0.512
preset=baseline,all,text_only,4800,gboost,refusal,"0.525 [0.509, 0.540]","0.516 [0.487, 0.545]",0.030,0.521
preset=baseline,all,text_only,4800,gboost,content,"0.615 [0.598, 0.631]","0.621 [0.594, 0.648]",0.157,0.573
preset=baseline,all,text_only,4800,gboost,combined,"0.611 [0.594, 0.625]","0.608 [0.578, 0.638]",0.154,0.568
preset=baseline,all,with_sources,4800,threshold,rules,"0.533 [0.521, 0.548]","0.528 [0.498, 0.557]",0.000,0.525
preset=baseline,all,with_sources,4800,logreg,score,"0.519 [0.504, 0.534]","0.525 [0.493, 0.557]",0.033,0.517
preset=baseline,all,with_sources,4800,logreg,reranker,"0.500 [0.500, 0.500]","0.500 [0.500, 0.500]",0.000,0.500
preset=baseline,all,with_sources,4800,logreg,latency,"0.526 [0.510, 0.543]","0.528 [0.497, 0.560]",0.000,0.527
preset=baseline,all,with_sources,4800,logreg,refusal,"0.524 [0.509, 0.540]","0.521 [0.492, 0.550]",0.029,0.522
preset=baseline,all,with_sources,4800,logreg,content,"0.544 [0.528, 0.560]","0.553 [0.525, 0.583]",0.089,0.531
preset=baseline,all,with_sources,4800,logreg,combined,"0.560 [0.543, 0.576]","0.582 [0.551, 0.615]",0.111,0.539
preset=baseline,all,with_sources,4800,gboost,score,"0.530 [0.514, 0.546]","0.532 [0.496, 0.562]",0.029,0.524
preset=baseline,all,with_sources,4800,gboost,reranker,"0.500 [0.500, 0.500]","0.500 [0.500, 0.500]",0.000,0.500
preset=baseline,all,with_sources,4800,gboost,latency,"0.513 [0.495, 0.529]","0.517 [0.483, 0.549]",0.008,0.512
preset=baseline,all,with_sources,4800,gboost,refusal,"0.525 [0.509, 0.540]","0.516 [0.487, 0.545]",0.030,0.521
preset=baseline,all,with_sources,4800,gboost,content,"0.615 [0.598, 0.631]","0.621 [0.594, 0.648]",0.157,0.573
preset=baseline,all,with_sources,4800,gboost,combined,"0.612 [0.596, 0.626]","0.617 [0.586, 0.648]",0.158,0.574
preset=baseline,all,with_reranker,4800,threshold,rules,"0.533 [0.521, 0.548]","0.528 [0.498, 0.557]",0.000,0.525
preset=baseline,all,with_reranker,4800,logreg,score,"0.519 [0.504, 0.534]","0.525 [0.493, 0.557]",0.033,0.517
preset=baseline,all,with_reranker,4800,logreg,reranker,"0.513 [0.497, 0.529]","0.519 [0.487, 0.552]",0.008,0.507
preset=baseline,all,with_reranker,4800,logreg,latency,"0.526 [0.510, 0.543]","0.528 [0.497, 0.560]",0.000,0.527
preset=baseline,all,with_reranker,4800,logreg,refusal,"0.524 [0.509, 0.540]","0.521 [0.492, 0.550]",0.029,0.522
preset=baseline,all,with_reranker,4800,logreg,content,"0.544 [0.528, 0.560]","0.553 [0.525, 0.583]",0.089,0.531
preset=baseline,all,with_reranker,4800,logreg,combined,"0.559 [0.542, 0.574]","0.581 [0.551, 0.614]",0.106,0.539
preset=baseline,all,with_reranker,4800,gboost,score,"0.530 [0.514, 0.546]","0.532 [0.496, 0.562]",0.029,0.524
preset=baseline,all,with_reranker,4800,gboost,reranker,"0.536 [0.522, 0.552]","0.610 [0.580, 0.641]",0.046,0.519
preset=baseline,all,with_reranker,4800,gboost,latency,"0.513 [0.495, 0.529]","0.517 [0.483, 0.549]",0.008,0.512
preset=baseline,all,with_reranker,4800,gboost,refusal,"0.525 [0.509, 0.540]","0.516 [0.487, 0.545]",0.030,0.521
preset=baseline,all,with_reranker,4800,gboost,content,"0.615 [0.598, 0.631]","0.621 [0.594, 0.648]",0.157,0.573
preset=baseline,all,with_reranker,4800,gboost,combined,"0.612 [0.596, 0.627]","0.628 [0.598, 0.659]",0.157,0.572
preset=legacy,insider,text_only,2400,threshold,rules,"0.575 [0.555, 0.593]","0.579 [0.536, 0.620]",0.000,0.561
preset=legacy,insider,text_only,2400,logreg,score,"0.500 [0.500, 0.500]","0.500 [0.500, 0.500]",0.000,0.500
preset=legacy,insider,text_only,2400,logreg,reranker,"0.500 [0.500, 0.500]","0.500 [0.500, 0.500]",0.000,0.500
preset=legacy,insider,text_only,2400,logreg,latency,"0.541 [0.518, 0.563]","0.550 [0.504, 0.594]",0.021,0.535
preset=legacy,insider,text_only,2400,logreg,refusal,"0.547 [0.525, 0.569]","0.550 [0.505, 0.593]",0.030,0.540
preset=legacy,insider,text_only,2400,logreg,content,"0.578 [0.555, 0.600]","0.599 [0.556, 0.644]",0.163,0.556
preset=legacy,insider,text_only,2400,logreg,combined,"0.608 [0.587, 0.629]","0.651 [0.606, 0.693]",0.179,0.566
preset=legacy,insider,text_only,2400,gboost,score,"0.500 [0.500, 0.500]","0.500 [0.500, 0.500]",0.000,0.500
preset=legacy,insider,text_only,2400,gboost,reranker,"0.500 [0.500, 0.500]","0.500 [0.500, 0.500]",0.000,0.500
preset=legacy,insider,text_only,2400,gboost,latency,"0.523 [0.502, 0.546]","0.530 [0.482, 0.578]",0.012,0.521
preset=legacy,insider,text_only,2400,gboost,refusal,"0.544 [0.521, 0.565]","0.539 [0.495, 0.583]",0.052,0.537
preset=legacy,insider,text_only,2400,gboost,content,"0.694 [0.674, 0.715]","0.727 [0.688, 0.767]",0.264,0.628
preset=legacy,insider,text_only,2400,gboost,combined,"0.692 [0.672, 0.711]","0.734 [0.694, 0.771]",0.264,0.610
preset=legacy,insider,with_sources,2400,threshold,rules,"0.568 [0.547, 0.590]","0.575 [0.531, 0.619]",0.000,0.540
preset=legacy,insider,with_sources,2400,logreg,score,"0.540 [0.517, 0.565]","0.558 [0.514, 0.604]",0.037,0.538
preset=legacy,insider,with_sources,2400,logreg,reranker,"0.500 [0.500, 0.500]","0.500 [0.500, 0.500]",0.000,0.500
preset=legacy,insider,with_sources,2400,logreg,latency,"0.541 [0.518, 0.563]","0.550 [0.504, 0.594]",0.021,0.535
preset=legacy,insider,with_sources,2400,logreg,refusal,"0.547 [0.525, 0.569]","0.550 [0.505, 0.593]",0.030,0.540
preset=legacy,insider,with_sources,2400,logreg,content,"0.578 [0.555, 0.600]","0.599 [0.556, 0.644]",0.163,0.556
preset=legacy,insider,with_sources,2400,logreg,combined,"0.604 [0.582, 0.625]","0.648 [0.602, 0.689]",0.189,0.565
preset=legacy,insider,with_sources,2400,gboost,score,"0.557 [0.535, 0.579]","0.572 [0.526, 0.614]",0.029,0.544
preset=legacy,insider,with_sources,2400,gboost,reranker,"0.500 [0.500, 0.500]","0.500 [0.500, 0.500]",0.000,0.500
preset=legacy,insider,with_sources,2400,gboost,latency,"0.523 [0.502, 0.546]","0.530 [0.482, 0.578]",0.012,0.521
preset=legacy,insider,with_sources,2400,gboost,refusal,"0.544 [0.521, 0.565]","0.539 [0.495, 0.583]",0.052,0.537
preset=legacy,insider,with_sources,2400,gboost,content,"0.694 [0.674, 0.715]","0.727 [0.688, 0.767]",0.264,0.628
preset=legacy,insider,with_sources,2400,gboost,combined,"0.694 [0.674, 0.714]","0.735 [0.696, 0.772]",0.267,0.612
preset=legacy,insider,with_reranker,2400,threshold,rules,"0.568 [0.547, 0.590]","0.575 [0.531, 0.619]",0.000,0.540
preset=legacy,insider,with_reranker,2400,logreg,score,"0.540 [0.517, 0.565]","0.558 [0.514, 0.604]",0.037,0.538
preset=legacy,insider,with_reranker,2400,logreg,reranker,"0.524 [0.501, 0.547]","0.547 [0.506, 0.586]",0.002,0.514
preset=legacy,insider,with_reranker,2400,logreg,latency,"0.541 [0.518, 0.563]","0.550 [0.504, 0.594]",0.021,0.535
preset=legacy,insider,with_reranker,2400,logreg,refusal,"0.547 [0.525, 0.569]","0.550 [0.505, 0.593]",0.030,0.540
preset=legacy,insider,with_reranker,2400,logreg,content,"0.578 [0.555, 0.600]","0.599 [0.556, 0.644]",0.163,0.556
preset=legacy,insider,with_reranker,2400,logreg,combined,"0.604 [0.582, 0.625]","0.648 [0.602, 0.689]",0.189,0.564
preset=legacy,insider,with_reranker,2400,gboost,score,"0.557 [0.535, 0.579]","0.572 [0.526, 0.614]",0.029,0.544
preset=legacy,insider,with_reranker,2400,gboost,reranker,"0.524 [0.503, 0.548]","0.558 [0.517, 0.601]",0.000,0.513
preset=legacy,insider,with_reranker,2400,gboost,latency,"0.523 [0.502, 0.546]","0.530 [0.482, 0.578]",0.012,0.521
preset=legacy,insider,with_reranker,2400,gboost,refusal,"0.544 [0.521, 0.565]","0.539 [0.495, 0.583]",0.052,0.537
preset=legacy,insider,with_reranker,2400,gboost,content,"0.694 [0.674, 0.715]","0.727 [0.688, 0.767]",0.264,0.628
preset=legacy,insider,with_reranker,2400,gboost,combined,"0.691 [0.671, 0.711]","0.731 [0.691, 0.769]",0.270,0.609
preset=legacy,outsider,text_only,2400,threshold,rules,"0.498 [0.480, 0.515]","0.498 [0.454, 0.540]",0.000,0.498
preset=legacy,outsider,text_only,2400,logreg,score,"0.500 [0.500, 0.500]","0.500 [0.500, 0.500]",0.000,0.500
preset=legacy,outsider,text_only,2400,logreg,reranker,"0.500 [0.500, 0.500]","0.500 [0.500, 0.500]",0.000,0.500
preset=legacy,outsider,text_only,2400,logreg,latency,"0.510 [0.486, 0.532]","0.512 [0.463, 0.556]",0.009,0.503
preset=legacy,outsider,text_only,2400,logreg,refusal,"0.500 [0.500, 0.500]","0.500 [0.500, 0.500]",0.000,0.500
preset=legacy,outsider,text_only,2400,logreg,content,"0.500 [0.500, 0.500]","0.500 [0.500, 0.500]",0.000,0.500
preset=legacy,outsider,text_only,2400,logreg,combined,"0.519 [0.496, 0.542]","0.534 [0.488, 0.582]",0.008,0.520
preset=legacy,outsider,text_only,2400,gboost,score,"0.500 [0.500, 0.500]","0.500 [0.500, 0.500]",0.000,0.500
preset=legacy,outsider,text_only,2400,gboost,reranker,"0.500 [0.500, 0.500]","0.500 [0.500, 0.500]",0.000,0.500
preset=legacy,outsider,text_only,2400,gboost,latency,"0.490 [0.467, 0.515]","0.490 [0.446, 0.534]",0.007,0.490
preset=legacy,outsider,text_only,2400,gboost,refusal,"0.500 [0.500, 0.500]","0.500 [0.500, 0.500]",0.000,0.500
preset=legacy,outsider,text_only,2400,gboost,content,"0.500 [0.500, 0.500]","0.500 [0.500, 0.500]",0.000,0.500
preset=legacy,outsider,text_only,2400,gboost,combined,"0.496 [0.472, 0.520]","0.503 [0.457, 0.547]",0.005,0.493
preset=legacy,outsider,with_sources,2400,threshold,rules,"0.498 [0.478, 0.519]","0.497 [0.452, 0.543]",0.000,0.497
preset=legacy,outsider,with_sources,2400,logreg,score,"0.500 [0.500, 0.500]","0.500 [0.500, 0.500]",0.000,0.500
preset=legacy,outsider,with_sources,2400,logreg,reranker,"0.500 [0.500, 0.500]","0.500 [0.500, 0.500]",0.000,0.500
preset=legacy,outsider,with_sources,2400,logreg,latency,"0.510 [0.486, 0.532]","0.512 [0.463, 0.556]",0.009,0.503
preset=legacy,outsider,with_sources,2400,logreg,refusal,"0.500 [0.500, 0.500]","0.500 [0.500, 0.500]",0.000,0.500
preset=legacy,outsider,with_sources,2400,logreg,content,"0.500 [0.500, 0.500]","0.500 [0.500, 0.500]",0.000,0.500
preset=legacy,outsider,with_sources,2400,logreg,combined,"0.519 [0.497, 0.541]","0.536 [0.490, 0.584]",0.010,0.511
preset=legacy,outsider,with_sources,2400,gboost,score,"0.500 [0.500, 0.500]","0.500 [0.500, 0.500]",0.000,0.500
preset=legacy,outsider,with_sources,2400,gboost,reranker,"0.500 [0.500, 0.500]","0.500 [0.500, 0.500]",0.000,0.500
preset=legacy,outsider,with_sources,2400,gboost,latency,"0.490 [0.467, 0.515]","0.490 [0.446, 0.534]",0.007,0.490
preset=legacy,outsider,with_sources,2400,gboost,refusal,"0.500 [0.500, 0.500]","0.500 [0.500, 0.500]",0.000,0.500
preset=legacy,outsider,with_sources,2400,gboost,content,"0.500 [0.500, 0.500]","0.500 [0.500, 0.500]",0.000,0.500
preset=legacy,outsider,with_sources,2400,gboost,combined,"0.491 [0.468, 0.516]","0.492 [0.446, 0.539]",0.007,0.491
preset=legacy,outsider,with_reranker,2400,threshold,rules,"0.498 [0.478, 0.519]","0.497 [0.452, 0.543]",0.000,0.497
preset=legacy,outsider,with_reranker,2400,logreg,score,"0.500 [0.500, 0.500]","0.500 [0.500, 0.500]",0.000,0.500
preset=legacy,outsider,with_reranker,2400,logreg,reranker,"0.500 [0.500, 0.500]","0.500 [0.500, 0.500]",0.000,0.500
preset=legacy,outsider,with_reranker,2400,logreg,latency,"0.510 [0.486, 0.532]","0.512 [0.463, 0.556]",0.009,0.503
preset=legacy,outsider,with_reranker,2400,logreg,refusal,"0.500 [0.500, 0.500]","0.500 [0.500, 0.500]",0.000,0.500
preset=legacy,outsider,with_reranker,2400,logreg,content,"0.500 [0.500, 0.500]","0.500 [0.500, 0.500]",0.000,0.500
preset=legacy,outsider,with_reranker,2400,logreg,combined,"0.518 [0.497, 0.542]","0.536 [0.490, 0.583]",0.011,0.509
preset=legacy,outsider,with_reranker,2400,gboost,score,"0.500 [0.500, 0.500]","0.500 [0.500, 0.500]",0.000,0.500
preset=legacy,outsider,with_reranker,2400,gboost,reranker,"0.500 [0.500, 0.500]","0.500 [0.500, 0.500]",0.000,0.500
preset=legacy,outsider,with_reranker,2400,gboost,latency,"0.490 [0.467, 0.515]","0.490 [0.446, 0.534]",0.007,0.490
preset=legacy,outsider,with_reranker,2400,gboost,refusal,"0.500 [0.500, 0.500]","0.500 [0.500, 0.500]",0.000,0.500
preset=legacy,outsider,with_reranker,2400,gboost,content,"0.500 [0.500, 0.500]","0.500 [0.500, 0.500]",0.000,0.500
preset=legacy,outsider,with_reranker,2400,gboost,combined,"0.500 [0.477, 0.523]","0.508 [0.461, 0.552]",0.005,0.504
preset=legacy,all,text_only,4800,threshold,rules,"0.536 [0.522, 0.549]","0.536 [0.505, 0.564]",0.000,0.529
preset=legacy,all,text_only,4800,logreg,score,"0.500 [0.500, 0.500]","0.500 [0.500, 0.500]",0.000,0.500
preset=legacy,all,text_only,4800,logreg,reranker,"0.500 [0.500, 0.500]","0.500 [0.500, 0.500]",0.000,0.500
preset=legacy,all,text_only,4800,logreg,latency,"0.526 [0.508, 0.542]","0.529 [0.496, 0.560]",0.016,0.518
preset=legacy,all,text_only,4800,logreg,refusal,"0.521 [0.505, 0.537]","0.520 [0.491, 0.549]",0.025,0.519
preset=legacy,all,text_only,4800,logreg,content,"0.538 [0.524, 0.554]","0.547 [0.518, 0.577]",0.072,0.527
preset=legacy,all,text_only,4800,logreg,combined,"0.559 [0.542, 0.575]","0.584 [0.553, 0.616]",0.090,0.533
preset=legacy,all,text_only,4800,gboost,score,"0.500 [0.500, 0.500]","0.500 [0.500, 0.500]",0.000,0.500
preset=legacy,all,text_only,4800,gboost,reranker,"0.500 [0.500, 0.500]","0.500 [0.500, 0.500]",0.000,0.500
preset=legacy,all,text_only,4800,gboost,latency,"0.505 [0.489, 0.519]","0.490 [0.455, 0.523]",0.007,0.508
preset=legacy,all,text_only,4800,gboost,refusal,"0.523 [0.507, 0.537]","0.516 [0.487, 0.544]",0.028,0.520
preset=legacy,all,text_only,4800,gboost,content,"0.602 [0.588, 0.616]","0.621 [0.594, 0.647]",0.138,0.564
preset=legacy,all,text_only,4800,gboost,combined,"0.592 [0.576, 0.608]","0.608 [0.577, 0.640]",0.139,0.552
preset=legacy,all,with_sources,4800,threshold,rules,"0.531 [0.517, 0.547]","0.530 [0.500, 0.560]",0.000,0.519
preset=legacy,all,with_sources,4800,logreg,score,"0.516 [0.500, 0.532]","0.526 [0.494, 0.557]",0.021,0.514
preset=legacy,all,with_sources,4800,logreg,reranker,"0.500 [0.500, 0.500]","0.500 [0.500, 0.500]",0.000,0.500
preset=legacy,all,with_sources,4800,logreg,latency,"0.526 [0.508, 0.542]","0.529 [0.496, 0.560]",0.016,0.518
preset=legacy,all,with_sources,4800,logreg,refusal,"0.521 [0.505, 0.537]","0.520 [0.491, 0.549]",0.025,0.519
preset=legacy,all,with_sources,4800,logreg,content,"0.538 [0.524, 0.554]","0.547 [0.518, 0.577]",0.072,0.527
preset=legacy,all,with_sources,4800,logreg,combined,"0.556 [0.540, 0.572]","0.582 [0.552, 0.613]",0.092,0.533
preset=legacy,all,with_sources,4800,gboost,score,"0.529 [0.512, 0.544]","0.533 [0.501, 0.563]",0.025,0.522
preset=legacy,all,with_sources,4800,gboost,reranker,"0.500 [0.500, 0.500]","0.500 [0.500, 0.500]",0.000,0.500
preset=legacy,all,with_sources,4800,gboost,latency,"0.505 [0.489, 0.519]","0.490 [0.455, 0.523]",0.007,0.508
preset=legacy,all,with_sources,4800,gboost,refusal,"0.523 [0.507, 0.537]","0.516 [0.487, 0.544]",0.028,0.520
preset=legacy,all,with_sources,4800,gboost,content,"0.602 [0.588, 0.616]","0.621 [0.594, 0.647]",0.138,0.564
preset=legacy,all,with_sources,4800,gboost,combined,"0.592 [0.576, 0.609]","0.613 [0.582, 0.645]",0.140,0.551
preset=legacy,all,with_reranker,4800,threshold,rules,"0.531 [0.517, 0.547]","0.530 [0.500, 0.560]",0.000,0.519
preset=legacy,all,with_reranker,4800,logreg,score,"0.516 [0.500, 0.532]","0.526 [0.494, 0.557]",0.021,0.514
preset=legacy,all,with_reranker,4800,logreg,reranker,"0.512 [0.497, 0.528]","0.520 [0.493, 0.548]",0.000,0.507
preset=legacy,all,with_reranker,4800,logreg,latency,"0.526 [0.508, 0.542]","0.529 [0.496, 0.560]",0.016,0.518
preset=legacy,all,with_reranker,4800,logreg,refusal,"0.521 [0.505, 0.537]","0.520 [0.491, 0.549]",0.025,0.519
preset=legacy,all,with_reranker,4800,logreg,content,"0.538 [0.524, 0.554]","0.547 [0.518, 0.577]",0.072,0.527
preset=legacy,all,with_reranker,4800,logreg,combined,"0.554 [0.538, 0.571]","0.583 [0.552, 0.615]",0.090,0.532
preset=legacy,all,with_reranker,4800,gboost,score,"0.529 [0.512, 0.544]","0.533 [0.501, 0.563]",0.025,0.522
preset=legacy,all,with_reranker,4800,gboost,reranker,"0.513 [0.498, 0.530]","0.529 [0.501, 0.554]",0.000,0.507
preset=legacy,all,with_reranker,4800,gboost,latency,"0.505 [0.489, 0.519]","0.490 [0.455, 0.523]",0.007,0.508
preset=legacy,all,with_reranker,4800,gboost,refusal,"0.523 [0.507, 0.537]","0.516 [0.487, 0.544]",0.028,0.520
preset=legacy,all,with_reranker,4800,gboost,content,"0.602 [0.588, 0.616]","0.621 [0.594, 0.647]",0.138,0.564
preset=legacy,all,with_reranker,4800,gboost,combined,"0.592 [0.576, 0.608]","0.611 [0.579, 0.644]",0.135,0.549
preset=full,insider,text_only,2400,threshold,rules,"0.500 [0.497, 0.503]","0.500 [0.490, 0.511]",0.007,0.500
preset=full,insider,text_only,2400,logreg,score,"0.500 [0.500, 0.500]","0.500 [0.500, 0.500]",0.000,0.500
preset=full,insider,text_only,2400,logreg,reranker,"0.500 [0.500, 0.500]","0.500 [0.500, 0.500]",0.000,0.500
preset=full,insider,text_only,2400,logreg,latency,"0.499 [0.478, 0.523]","0.500 [0.461, 0.543]",0.000,0.500
preset=full,insider,text_only,2400,logreg,refusal,"0.500 [0.500, 0.500]","0.500 [0.500, 0.500]",0.000,0.500
preset=full,insider,text_only,2400,logreg,content,"0.500 [0.500, 0.500]","0.500 [0.500, 0.500]",0.000,0.500
preset=full,insider,text_only,2400,logreg,combined,"0.501 [0.479, 0.525]","0.491 [0.450, 0.535]",0.003,0.499
preset=full,insider,text_only,2400,gboost,score,"0.500 [0.500, 0.500]","0.500 [0.500, 0.500]",0.000,0.500
preset=full,insider,text_only,2400,gboost,reranker,"0.500 [0.500, 0.500]","0.500 [0.500, 0.500]",0.000,0.500
preset=full,insider,text_only,2400,gboost,latency,"0.497 [0.476, 0.520]","0.496 [0.457, 0.537]",0.003,0.500
preset=full,insider,text_only,2400,gboost,refusal,"0.500 [0.500, 0.500]","0.500 [0.500, 0.500]",0.000,0.500
preset=full,insider,text_only,2400,gboost,content,"0.500 [0.500, 0.500]","0.500 [0.500, 0.500]",0.000,0.500
preset=full,insider,text_only,2400,gboost,combined,"0.495 [0.472, 0.516]","0.480 [0.436, 0.522]",0.007,0.499
preset=full,insider,with_sources,2400,threshold,rules,"0.500 [0.482, 0.518]","0.500 [0.460, 0.543]",0.007,0.500
preset=full,insider,with_sources,2400,logreg,score,"0.500 [0.500, 0.500]","0.500 [0.500, 0.500]",0.000,0.500
preset=full,insider,with_sources,2400,logreg,reranker,"0.500 [0.500, 0.500]","0.500 [0.500, 0.500]",0.000,0.500
preset=full,insider,with_sources,2400,logreg,latency,"0.499 [0.478, 0.523]","0.500 [0.461, 0.543]",0.000,0.500
preset=full,insider,with_sources,2400,logreg,refusal,"0.500 [0.500, 0.500]","0.500 [0.500, 0.500]",0.000,0.500
preset=full,insider,with_sources,2400,logreg,content,"0.500 [0.500, 0.500]","0.500 [0.500, 0.500]",0.000,0.500
preset=full,insider,with_sources,2400,logreg,combined,"0.493 [0.470, 0.517]","0.489 [0.442, 0.537]",0.014,0.499
preset=full,insider,with_sources,2400,gboost,score,"0.500 [0.500, 0.500]","0.500 [0.500, 0.500]",0.000,0.500
preset=full,insider,with_sources,2400,gboost,reranker,"0.500 [0.500, 0.500]","0.500 [0.500, 0.500]",0.000,0.500
preset=full,insider,with_sources,2400,gboost,latency,"0.497 [0.476, 0.520]","0.496 [0.457, 0.537]",0.003,0.500
preset=full,insider,with_sources,2400,gboost,refusal,"0.500 [0.500, 0.500]","0.500 [0.500, 0.500]",0.000,0.500
preset=full,insider,with_sources,2400,gboost,content,"0.500 [0.500, 0.500]","0.500 [0.500, 0.500]",0.000,0.500
preset=full,insider,with_sources,2400,gboost,combined,"0.487 [0.466, 0.510]","0.473 [0.428, 0.519]",0.007,0.491
preset=full,insider,with_reranker,2400,threshold,rules,"0.500 [0.482, 0.518]","0.500 [0.460, 0.543]",0.007,0.500
preset=full,insider,with_reranker,2400,logreg,score,"0.500 [0.500, 0.500]","0.500 [0.500, 0.500]",0.000,0.500
preset=full,insider,with_reranker,2400,logreg,reranker,"0.500 [0.500, 0.500]","0.500 [0.500, 0.500]",0.000,0.500
preset=full,insider,with_reranker,2400,logreg,latency,"0.499 [0.478, 0.523]","0.500 [0.461, 0.543]",0.000,0.500
preset=full,insider,with_reranker,2400,logreg,refusal,"0.500 [0.500, 0.500]","0.500 [0.500, 0.500]",0.000,0.500
preset=full,insider,with_reranker,2400,logreg,content,"0.500 [0.500, 0.500]","0.500 [0.500, 0.500]",0.000,0.500
preset=full,insider,with_reranker,2400,logreg,combined,"0.492 [0.470, 0.515]","0.486 [0.440, 0.533]",0.014,0.500
preset=full,insider,with_reranker,2400,gboost,score,"0.500 [0.500, 0.500]","0.500 [0.500, 0.500]",0.000,0.500
preset=full,insider,with_reranker,2400,gboost,reranker,"0.500 [0.500, 0.500]","0.500 [0.500, 0.500]",0.000,0.500
preset=full,insider,with_reranker,2400,gboost,latency,"0.497 [0.476, 0.520]","0.496 [0.457, 0.537]",0.003,0.500
preset=full,insider,with_reranker,2400,gboost,refusal,"0.500 [0.500, 0.500]","0.500 [0.500, 0.500]",0.000,0.500
preset=full,insider,with_reranker,2400,gboost,content,"0.500 [0.500, 0.500]","0.500 [0.500, 0.500]",0.000,0.500
preset=full,insider,with_reranker,2400,gboost,combined,"0.491 [0.469, 0.513]","0.478 [0.434, 0.524]",0.008,0.496
preset=full,outsider,text_only,2400,threshold,rules,"0.500 [0.488, 0.512]","0.500 [0.473, 0.525]",0.000,0.500
preset=full,outsider,text_only,2400,logreg,score,"0.500 [0.500, 0.500]","0.500 [0.500, 0.500]",0.000,0.500
preset=full,outsider,text_only,2400,logreg,reranker,"0.500 [0.500, 0.500]","0.500 [0.500, 0.500]",0.000,0.500
preset=full,outsider,text_only,2400,logreg,latency,"0.502 [0.480, 0.523]","0.513 [0.475, 0.550]",0.015,0.503
preset=full,outsider,text_only,2400,logreg,refusal,"0.500 [0.500, 0.500]","0.500 [0.500, 0.500]",0.000,0.500
preset=full,outsider,text_only,2400,logreg,content,"0.500 [0.500, 0.500]","0.500 [0.500, 0.500]",0.000,0.500
preset=full,outsider,text_only,2400,logreg,combined,"0.503 [0.479, 0.525]","0.515 [0.474, 0.554]",0.012,0.503
preset=full,outsider,text_only,2400,gboost,score,"0.500 [0.500, 0.500]","0.500 [0.500, 0.500]",0.000,0.500
preset=full,outsider,text_only,2400,gboost,reranker,"0.500 [0.500, 0.500]","0.500 [0.500, 0.500]",0.000,0.500
preset=full,outsider,text_only,2400,gboost,latency,"0.499 [0.476, 0.520]","0.485 [0.444, 0.522]",0.000,0.499
preset=full,outsider,text_only,2400,gboost,refusal,"0.500 [0.500, 0.500]","0.500 [0.500, 0.500]",0.000,0.500
preset=full,outsider,text_only,2400,gboost,content,"0.500 [0.500, 0.500]","0.500 [0.500, 0.500]",0.000,0.500
preset=full,outsider,text_only,2400,gboost,combined,"0.496 [0.474, 0.518]","0.492 [0.453, 0.532]",0.008,0.499
preset=full,outsider,with_sources,2400,threshold,rules,"0.500 [0.483, 0.516]","0.500 [0.460, 0.542]",0.000,0.500
preset=full,outsider,with_sources,2400,logreg,score,"0.500 [0.500, 0.500]","0.500 [0.500, 0.500]",0.000,0.500
preset=full,outsider,with_sources,2400,logreg,reranker,"0.500 [0.500, 0.500]","0.500 [0.500, 0.500]",0.000,0.500
preset=full,outsider,with_sources,2400,logreg,latency,"0.502 [0.480, 0.523]","0.513 [0.475, 0.550]",0.015,0.503
preset=full,outsider,with_sources,2400,logreg,refusal,"0.500 [0.500, 0.500]","0.500 [0.500, 0.500]",0.000,0.500
preset=full,outsider,with_sources,2400,logreg,content,"0.500 [0.500, 0.500]","0.500 [0.500, 0.500]",0.000,0.500
preset=full,outsider,with_sources,2400,logreg,combined,"0.506 [0.482, 0.526]","0.515 [0.466, 0.558]",0.012,0.504
preset=full,outsider,with_sources,2400,gboost,score,"0.500 [0.500, 0.500]","0.500 [0.500, 0.500]",0.000,0.500
preset=full,outsider,with_sources,2400,gboost,reranker,"0.500 [0.500, 0.500]","0.500 [0.500, 0.500]",0.000,0.500
preset=full,outsider,with_sources,2400,gboost,latency,"0.499 [0.476, 0.520]","0.485 [0.444, 0.522]",0.000,0.499
preset=full,outsider,with_sources,2400,gboost,refusal,"0.500 [0.500, 0.500]","0.500 [0.500, 0.500]",0.000,0.500
preset=full,outsider,with_sources,2400,gboost,content,"0.500 [0.500, 0.500]","0.500 [0.500, 0.500]",0.000,0.500
preset=full,outsider,with_sources,2400,gboost,combined,"0.495 [0.472, 0.517]","0.481 [0.437, 0.526]",0.009,0.498
preset=full,outsider,with_reranker,2400,threshold,rules,"0.500 [0.483, 0.516]","0.500 [0.460, 0.542]",0.000,0.500
preset=full,outsider,with_reranker,2400,logreg,score,"0.500 [0.500, 0.500]","0.500 [0.500, 0.500]",0.000,0.500
preset=full,outsider,with_reranker,2400,logreg,reranker,"0.500 [0.500, 0.500]","0.500 [0.500, 0.500]",0.000,0.500
preset=full,outsider,with_reranker,2400,logreg,latency,"0.502 [0.480, 0.523]","0.513 [0.475, 0.550]",0.015,0.503
preset=full,outsider,with_reranker,2400,logreg,refusal,"0.500 [0.500, 0.500]","0.500 [0.500, 0.500]",0.000,0.500
preset=full,outsider,with_reranker,2400,logreg,content,"0.500 [0.500, 0.500]","0.500 [0.500, 0.500]",0.000,0.500
preset=full,outsider,with_reranker,2400,logreg,combined,"0.505 [0.481, 0.526]","0.512 [0.464, 0.555]",0.012,0.505
preset=full,outsider,with_reranker,2400,gboost,score,"0.500 [0.500, 0.500]","0.500 [0.500, 0.500]",0.000,0.500
preset=full,outsider,with_reranker,2400,gboost,reranker,"0.500 [0.500, 0.500]","0.500 [0.500, 0.500]",0.000,0.500
preset=full,outsider,with_reranker,2400,gboost,latency,"0.499 [0.476, 0.520]","0.485 [0.444, 0.522]",0.000,0.499
preset=full,outsider,with_reranker,2400,gboost,refusal,"0.500 [0.500, 0.500]","0.500 [0.500, 0.500]",0.000,0.500
preset=full,outsider,with_reranker,2400,gboost,content,"0.500 [0.500, 0.500]","0.500 [0.500, 0.500]",0.000,0.500
preset=full,outsider,with_reranker,2400,gboost,combined,"0.497 [0.476, 0.518]","0.476 [0.433, 0.521]",0.011,0.500
preset=full,all,text_only,4800,threshold,rules,"0.500 [0.494, 0.507]","0.500 [0.486, 0.514]",0.000,0.500
preset=full,all,text_only,4800,logreg,score,"0.500 [0.500, 0.500]","0.500 [0.500, 0.500]",0.000,0.500
preset=full,all,text_only,4800,logreg,reranker,"0.500 [0.500, 0.500]","0.500 [0.500, 0.500]",0.000,0.500
preset=full,all,text_only,4800,logreg,latency,"0.499 [0.483, 0.514]","0.500 [0.472, 0.529]",0.008,0.501
preset=full,all,text_only,4800,logreg,refusal,"0.500 [0.500, 0.500]","0.500 [0.500, 0.500]",0.000,0.500
preset=full,all,text_only,4800,logreg,content,"0.500 [0.500, 0.500]","0.500 [0.500, 0.500]",0.000,0.500
preset=full,all,text_only,4800,logreg,combined,"0.501 [0.485, 0.517]","0.505 [0.476, 0.534]",0.011,0.501
preset=full,all,text_only,4800,gboost,score,"0.500 [0.500, 0.500]","0.500 [0.500, 0.500]",0.000,0.500
preset=full,all,text_only,4800,gboost,reranker,"0.500 [0.500, 0.500]","0.500 [0.500, 0.500]",0.000,0.500
preset=full,all,text_only,4800,gboost,latency,"0.499 [0.483, 0.514]","0.496 [0.465, 0.526]",0.010,0.497
preset=full,all,text_only,4800,gboost,refusal,"0.500 [0.500, 0.500]","0.500 [0.500, 0.500]",0.000,0.500
preset=full,all,text_only,4800,gboost,content,"0.500 [0.500, 0.500]","0.500 [0.500, 0.500]",0.000,0.500
preset=full,all,text_only,4800,gboost,combined,"0.496 [0.485, 0.507]","0.487 [0.455, 0.518]",0.008,0.497
preset=full,all,with_sources,4800,threshold,rules,"0.500 [0.487, 0.513]","0.500 [0.471, 0.530]",0.000,0.500
preset=full,all,with_sources,4800,logreg,score,"0.500 [0.500, 0.500]","0.500 [0.500, 0.500]",0.000,0.500
preset=full,all,with_sources,4800,logreg,reranker,"0.500 [0.500, 0.500]","0.500 [0.500, 0.500]",0.000,0.500
preset=full,all,with_sources,4800,logreg,latency,"0.499 [0.483, 0.514]","0.500 [0.472, 0.529]",0.008,0.501
preset=full,all,with_sources,4800,logreg,refusal,"0.500 [0.500, 0.500]","0.500 [0.500, 0.500]",0.000,0.500
preset=full,all,with_sources,4800,logreg,content,"0.500 [0.500, 0.500]","0.500 [0.500, 0.500]",0.000,0.500
preset=full,all,with_sources,4800,logreg,combined,"0.503 [0.486, 0.519]","0.508 [0.475, 0.540]",0.010,0.501
preset=full,all,with_sources,4800,gboost,score,"0.500 [0.500, 0.500]","0.500 [0.500, 0.500]",0.000,0.500
preset=full,all,with_sources,4800,gboost,reranker,"0.500 [0.500, 0.500]","0.500 [0.500, 0.500]",0.000,0.500
preset=full,all,with_sources,4800,gboost,latency,"0.499 [0.483, 0.514]","0.496 [0.465, 0.526]",0.010,0.497
preset=full,all,with_sources,4800,gboost,refusal,"0.500 [0.500, 0.500]","0.500 [0.500, 0.500]",0.000,0.500
preset=full,all,with_sources,4800,gboost,content,"0.500 [0.500, 0.500]","0.500 [0.500, 0.500]",0.000,0.500
preset=full,all,with_sources,4800,gboost,combined,"0.495 [0.486, 0.505]","0.483 [0.454, 0.512]",0.010,0.497
preset=full,all,with_reranker,4800,threshold,rules,"0.500 [0.487, 0.513]","0.500 [0.471, 0.530]",0.000,0.500
preset=full,all,with_reranker,4800,logreg,score,"0.500 [0.500, 0.500]","0.500 [0.500, 0.500]",0.000,0.500
preset=full,all,with_reranker,4800,logreg,reranker,"0.500 [0.500, 0.500]","0.500 [0.500, 0.500]",0.000,0.500
preset=full,all,with_reranker,4800,logreg,latency,"0.499 [0.483, 0.514]","0.500 [0.472, 0.529]",0.008,0.501
preset=full,all,with_reranker,4800,logreg,refusal,"0.500 [0.500, 0.500]","0.500 [0.500, 0.500]",0.000,0.500
preset=full,all,with_reranker,4800,logreg,content,"0.500 [0.500, 0.500]","0.500 [0.500, 0.500]",0.000,0.500
preset=full,all,with_reranker,4800,logreg,combined,"0.503 [0.486, 0.520]","0.508 [0.475, 0.539]",0.010,0.502
preset=full,all,with_reranker,4800,gboost,score,"0.500 [0.500, 0.500]","0.500 [0.500, 0.500]",0.000,0.500
preset=full,all,with_reranker,4800,gboost,reranker,"0.500 [0.500, 0.500]","0.500 [0.500, 0.500]",0.000,0.500
preset=full,all,with_reranker,4800,gboost,latency,"0.499 [0.483, 0.514]","0.496 [0.465, 0.526]",0.010,0.497
preset=full,all,with_reranker,4800,gboost,refusal,"0.500 [0.500, 0.500]","0.500 [0.500, 0.500]",0.000,0.500
preset=full,all,with_reranker,4800,gboost,content,"0.500 [0.500, 0.500]","0.500 [0.500, 0.500]",0.000,0.500
preset=full,all,with_reranker,4800,gboost,combined,"0.495 [0.481, 0.509]","0.478 [0.449, 0.510]",0.008,0.497
