cell,seed,event,target,LM,LM_all_lost,lifetime_s,censored
"llm_backend=stub,preset=baseline",0,0,t3_r005,0.8,0.8,172800.0,True
"llm_backend=stub,preset=baseline",0,1,t2_r004,0.8,0.8,86400.0,False
"llm_backend=stub,preset=baseline",0,2,t4_r001,1.0,1.0,172800.0,True
"llm_backend=stub,preset=baseline",0,3,t1_r015,0.0,0.0,0.0,False
"llm_backend=stub,preset=baseline",0,4,t2_r016,0.6667,0.6667,172800.0,True
"llm_backend=stub,preset=baseline",0,5,t5_r016,0.8,0.8,28800.0,False
"llm_backend=stub,preset=baseline",0,6,t1_r020,1.0,1.0,172800.0,True
"llm_backend=stub,preset=baseline",0,7,t4_r015,0.8,0.8,86400.0,False
"llm_backend=stub,preset=baseline",0,8,t4_r014,1.0,1.0,172800.0,True
"llm_backend=stub,preset=baseline",0,9,t3_r019,1.0,1.0,172800.0,True
"llm_backend=stub,preset=baseline",0,10,t5_r000,0.6667,0.6667,172800.0,True
"llm_backend=stub,preset=baseline",0,11,t3_r029,0.8,0.8,172800.0,True
"llm_backend=stub,preset=baseline",0,12,t2_r009,0.8,0.8,28800.0,False
"llm_backend=stub,preset=baseline",0,13,t3_r011,0.8,0.8,43200.0,False
"llm_backend=stub,preset=baseline",0,14,t3_r023,0.8,0.8,86400.0,False
"llm_backend=stub,preset=baseline",0,15,t2_r021,0.8,0.8,14400.0,False
"llm_backend=stub,preset=baseline",0,16,t5_r015,0.8,0.8,7200.0,False
"llm_backend=stub,preset=baseline",0,17,t4_r000,0.6667,0.6667,172800.0,True
"llm_backend=stub,preset=baseline",0,18,t4_r022,0.8,0.8,14400.0,False
"llm_backend=stub,preset=baseline",0,19,t4_r026,0.8,0.8,86400.0,False
"llm_backend=stub,preset=baseline",1,0,t3_r008,0.8,0.8,172800.0,True
"llm_backend=stub,preset=baseline",1,1,t1_r000,0.8,0.8,172800.0,True
"llm_backend=stub,preset=baseline",1,2,t1_r015,0.0,0.0,0.0,False
"llm_backend=stub,preset=baseline",1,3,t4_r018,0.8,0.8,86400.0,False
"llm_backend=stub,preset=baseline",1,4,t5_r006,0.0,0.0,0.0,False
"llm_backend=stub,preset=baseline",1,5,t3_r019,1.0,1.0,172800.0,True
"llm_backend=stub,preset=baseline",1,6,t3_r004,0.8333,0.8333,28800.0,False
"llm_backend=stub,preset=baseline",1,7,t2_r003,0.0,0.0,0.0,False
"llm_backend=stub,preset=baseline",1,8,t2_r028,0.8,0.8,86400.0,False
"llm_backend=stub,preset=baseline",1,9,t2_r026,0.6,0.6,14400.0,False
"llm_backend=stub,preset=baseline",1,10,t4_r003,0.8,0.8,172800.0,True
"llm_backend=stub,preset=baseline",1,11,t3_r014,0.8,0.8,172800.0,True
"llm_backend=stub,preset=baseline",1,12,t1_r021,0.8333,0.8333,86400.0,False
"llm_backend=stub,preset=baseline",1,13,t1_r023,0.8,0.8,86400.0,False
"llm_backend=stub,preset=baseline",1,14,t3_r007,0.6,0.6,28800.0,False
"llm_backend=stub,preset=baseline",1,15,t2_r014,0.0,0.0,0.0,False
"llm_backend=stub,preset=baseline",1,16,t5_r001,0.6,0.6,7200.0,False
"llm_backend=stub,preset=baseline",1,17,t3_r000,0.8333,0.8333,14400.0,False
"llm_backend=stub,preset=baseline",1,18,t1_r013,0.0,0.0,0.0,False
"llm_backend=stub,preset=baseline",1,19,t4_r019,0.8333,0.8333,172800.0,True
"llm_backend=stub,preset=baseline",2,0,t2_r013,0.8,0.8,14400.0,False
"llm_backend=stub,preset=baseline",2,1,t3_r022,0.8,0.8,172800.0,True
"llm_backend=stub,preset=baseline",2,2,t3_r005,0.8,0.8,172800.0,True
"llm_backend=stub,preset=baseline",2,3,t2_r016,0.6667,0.6667,172800.0,True
"llm_backend=stub,preset=baseline",2,4,t3_r001,0.8,0.8,172800.0,True
"llm_backend=stub,preset=baseline",2,5,t5_r012,0.8,0.8,172800.0,True
"llm_backend=stub,preset=baseline",2,6,t5_r002,0.6,0.6,86400.0,False
"llm_backend=stub,preset=baseline",2,7,t4_r013,0.6,0.6,43200.0,False
"llm_backend=stub,preset=baseline",2,8,t1_r014,0.0,0.0,0.0,False
"llm_backend=stub,preset=baseline",2,9,t4_r015,0.8,0.8,43200.0,False
"llm_backend=stub,preset=baseline",2,10,t4_r011,0.0,0.0,0.0,False
"llm_backend=stub,preset=baseline",2,11,t2_r002,0.0,0.0,0.0,False
"llm_backend=stub,preset=baseline",2,12,t1_r027,0.0,0.0,0.0,False
"llm_backend=stub,preset=baseline",2,13,t5_r005,0.8,0.8,172800.0,True
"llm_backend=stub,preset=baseline",2,14,t5_r014,0.8,0.8,172800.0,True
"llm_backend=stub,preset=baseline",2,15,t5_r003,0.8,0.8,172800.0,True
"llm_backend=stub,preset=baseline",2,16,t1_r013,0.0,0.0,0.0,False
"llm_backend=stub,preset=baseline",2,17,t2_r022,0.8,0.8,86400.0,False
"llm_backend=stub,preset=baseline",2,18,t5_r022,0.8,0.8,172800.0,True
"llm_backend=stub,preset=baseline",2,19,t1_r022,0.8,0.8,86400.0,False
"llm_backend=stub,preset=baseline",3,0,t4_r022,0.8,0.8,43200.0,False
"llm_backend=stub,preset=baseline",3,1,t4_r028,0.0,0.0,0.0,False
"llm_backend=stub,preset=baseline",3,2,t1_r028,0.0,0.0,0.0,False
"llm_backend=stub,preset=baseline",3,3,t5_r013,0.8,0.8,172800.0,True
"llm_backend=stub,preset=baseline",3,4,t2_r008,0.6,0.6,86400.0,False
"llm_backend=stub,preset=baseline",3,5,t1_r029,0.0,0.0,0.0,False
"llm_backend=stub,preset=baseline",3,6,t1_r016,0.8,0.8,172800.0,True
"llm_backend=stub,preset=baseline",3,7,t4_r008,0.6667,0.6667,172800.0,True
"llm_backend=stub,preset=baseline",3,8,t5_r023,0.8,0.8,172800.0,True
"llm_backend=stub,preset=baseline",3,9,t4_r015,0.8,0.8,3600.0,False
"llm_backend=stub,preset=baseline",3,10,t2_r018,0.6667,0.6667,172800.0,True
"llm_backend=stub,preset=baseline",3,11,t4_r020,0.0,0.0,0.0,False
"llm_backend=stub,preset=baseline",3,12,t4_r002,0.6667,0.6667,172800.0,True
"llm_backend=stub,preset=baseline",3,13,t2_r029,0.8,0.8,172800.0,True
"llm_backend=stub,preset=baseline",3,14,t5_r019,0.8,0.8,86400.0,False
"llm_backend=stub,preset=baseline",3,15,t1_r009,0.0,0.0,0.0,False
"llm_backend=stub,preset=baseline",3,16,t3_r004,0.8333,0.8333,14400.0,False
"llm_backend=stub,preset=baseline",3,17,t5_r001,0.6,0.6,43200.0,False
"llm_backend=stub,preset=baseline",3,18,t5_r020,0.8,0.8,28800.0,False
"llm_backend=stub,preset=baseline",3,19,t2_r001,0.6667,0.6667,172800.0,True
"llm_backend=stub,preset=baseline",4,0,t3_r029,0.8,0.8,86400.0,False
"llm_backend=stub,preset=baseline",4,1,t1_r005,0.8,0.8,86400.0,False
"llm_backend=stub,preset=baseline",4,2,t4_r027,0.8,0.8,172800.0,True
"llm_backend=stub,preset=baseline",4,3,t3_r016,1.0,1.0,172800.0,True
"llm_backend=stub,preset=baseline",4,4,t4_r018,0.8,0.8,86400.0,False
"llm_backend=stub,preset=baseline",4,5,t5_r020,0.8,0.8,7200.0,False
"llm_backend=stub,preset=baseline",4,6,t1_r024,0.8,0.8,28800.0,False
"llm_backend=stub,preset=baseline",4,7,t2_r024,0.8,0.8,28800.0,False
"llm_backend=stub,preset=baseline",4,8,t2_r028,0.8,0.8,86400.0,False
"llm_backend=stub,preset=baseline",4,9,t4_r003,0.8,0.8,172800.0,True
"llm_backend=stub,preset=baseline",4,10,t1_r025,0.8,0.8,86400.0,False
"llm_backend=stub,preset=baseline",4,11,t2_r016,0.6667,0.6667,172800.0,True
"llm_backend=stub,preset=baseline",4,12,t3_r002,0.8,0.8,86400.0,False
"llm_backend=stub,preset=baseline",4,13,t3_r002,0.8,0.8,86400.0,False
"llm_backend=stub,preset=baseline",4,14,t4_r024,0.0,0.0,0.0,False
"llm_backend=stub,preset=baseline",4,15,t3_r001,0.8,0.8,172800.0,True
"llm_backend=stub,preset=baseline",4,16,t1_r008,0.8,0.8,28800.0,False
"llm_backend=stub,preset=baseline",4,17,t4_r020,0.0,0.0,0.0,False
"llm_backend=stub,preset=baseline",4,18,t3_r021,1.0,1.0,172800.0,True
"llm_backend=stub,preset=baseline",4,19,t4_r017,0.8,0.8,86400.0,False
"llm_backend=stub,preset=full",0,0,t3_r005,0.0,0.0,0.0,False
"llm_backend=stub,preset=full",0,1,t2_r004,0.0,0.0,0.0,False
"llm_backend=stub,preset=full",0,2,t4_r001,0.0,0.0,0.0,False
"llm_backend=stub,preset=full",0,3,t1_r015,0.0,0.0,0.0,False
"llm_backend=stub,preset=full",0,4,t2_r016,0.0,0.0,0.0,False
"llm_backend=stub,preset=full",0,5,t5_r016,0.0,0.0,0.0,False
"llm_backend=stub,preset=full",0,6,t1_r020,0.0,0.0,0.0,False
"llm_backend=stub,preset=full",0,7,t4_r015,0.0,0.0,0.0,False
"llm_backend=stub,preset=full",0,8,t4_r014,0.0,0.0,0.0,False
"llm_backend=stub,preset=full",0,9,t3_r019,0.0,0.0,0.0,False
"llm_backend=stub,preset=full",0,10,t5_r000,0.0,0.0,0.0,False
"llm_backend=stub,preset=full",0,11,t3_r029,0.0,0.0,0.0,False
"llm_backend=stub,preset=full",0,12,t2_r009,0.0,0.0,0.0,False
"llm_backend=stub,preset=full",0,13,t3_r011,0.0,0.0,0.0,False
"llm_backend=stub,preset=full",0,14,t3_r023,0.0,0.0,0.0,False
"llm_backend=stub,preset=full",0,15,t2_r021,0.0,0.0,0.0,False
"llm_backend=stub,preset=full",0,16,t5_r015,0.0,0.0,0.0,False
"llm_backend=stub,preset=full",0,17,t4_r000,0.0,0.0,0.0,False
"llm_backend=stub,preset=full",0,18,t4_r022,0.0,0.0,0.0,False
"llm_backend=stub,preset=full",0,19,t4_r026,0.0,0.0,0.0,False
"llm_backend=stub,preset=full",1,0,t3_r008,0.0,0.0,0.0,False
"llm_backend=stub,preset=full",1,1,t1_r000,0.0,0.0,0.0,False
"llm_backend=stub,preset=full",1,2,t1_r015,0.0,0.0,0.0,False
"llm_backend=stub,preset=full",1,3,t4_r018,0.0,0.0,0.0,False
"llm_backend=stub,preset=full",1,4,t5_r006,0.0,0.0,0.0,False
"llm_backend=stub,preset=full",1,5,t3_r019,0.0,0.0,0.0,False
"llm_backend=stub,preset=full",1,6,t3_r004,0.0,0.0,0.0,False
"llm_backend=stub,preset=full",1,7,t2_r003,0.0,0.0,0.0,False
"llm_backend=stub,preset=full",1,8,t2_r028,0.0,0.0,0.0,False
"llm_backend=stub,preset=full",1,9,t2_r026,0.0,0.0,0.0,False
"llm_backend=stub,preset=full",1,10,t4_r003,0.0,0.0,0.0,False
"llm_backend=stub,preset=full",1,11,t3_r014,0.0,0.0,0.0,False
"llm_backend=stub,preset=full",1,12,t1_r021,0.0,0.0,0.0,False
"llm_backend=stub,preset=full",1,13,t1_r023,0.0,0.0,0.0,False
"llm_backend=stub,preset=full",1,14,t3_r007,0.0,0.0,0.0,False
"llm_backend=stub,preset=full",1,15,t2_r014,0.0,0.0,0.0,False
"llm_backend=stub,preset=full",1,16,t5_r001,0.0,0.0,0.0,False
"llm_backend=stub,preset=full",1,17,t3_r000,0.0,0.0,0.0,False
"llm_backend=stub,preset=full",1,18,t1_r013,0.0,0.0,0.0,False
"llm_backend=stub,preset=full",1,19,t4_r019,0.0,0.0,0.0,False
"llm_backend=stub,preset=full",2,0,t2_r013,0.0,0.0,0.0,False
"llm_backend=stub,preset=full",2,1,t3_r022,0.0,0.0,0.0,False
"llm_backend=stub,preset=full",2,2,t3_r005,0.0,0.0,0.0,False
"llm_backend=stub,preset=full",2,3,t2_r016,0.0,0.0,0.0,False
"llm_backend=stub,preset=full",2,4,t3_r001,0.0,0.0,0.0,False
"llm_backend=stub,preset=full",2,5,t5_r012,0.0,0.0,0.0,False
"llm_backend=stub,preset=full",2,6,t5_r002,0.0,0.0,0.0,False
"llm_backend=stub,preset=full",2,7,t4_r013,0.0,0.0,0.0,False
"llm_backend=stub,preset=full",2,8,t1_r014,0.0,0.0,0.0,False
"llm_backend=stub,preset=full",2,9,t4_r015,0.0,0.0,0.0,False
"llm_backend=stub,preset=full",2,10,t4_r011,0.0,0.0,0.0,False
"llm_backend=stub,preset=full",2,11,t2_r002,0.0,0.0,0.0,False
"llm_backend=stub,preset=full",2,12,t1_r027,0.0,0.0,0.0,False
"llm_backend=stub,preset=full",2,13,t5_r005,0.0,0.0,0.0,False
"llm_backend=stub,preset=full",2,14,t5_r014,0.0,0.0,0.0,False
"llm_backend=stub,preset=full",2,15,t5_r003,0.0,0.0,0.0,False
"llm_backend=stub,preset=full",2,16,t1_r013,0.0,0.0,0.0,False
"llm_backend=stub,preset=full",2,17,t2_r022,0.0,0.0,0.0,False
"llm_backend=stub,preset=full",2,18,t5_r022,0.0,0.0,0.0,False
"llm_backend=stub,preset=full",2,19,t1_r022,0.0,0.0,0.0,False
"llm_backend=stub,preset=full",3,0,t4_r022,0.0,0.0,0.0,False
"llm_backend=stub,preset=full",3,1,t4_r028,0.0,0.0,0.0,False
"llm_backend=stub,preset=full",3,2,t1_r028,0.0,0.0,0.0,False
"llm_backend=stub,preset=full",3,3,t5_r013,0.0,0.0,0.0,False
"llm_backend=stub,preset=full",3,4,t2_r008,0.0,0.0,0.0,False
"llm_backend=stub,preset=full",3,5,t1_r029,0.0,0.0,0.0,False
"llm_backend=stub,preset=full",3,6,t1_r016,0.0,0.0,0.0,False
"llm_backend=stub,preset=full",3,7,t4_r008,0.0,0.0,0.0,False
"llm_backend=stub,preset=full",3,8,t5_r023,0.0,0.0,0.0,False
"llm_backend=stub,preset=full",3,9,t4_r015,0.0,0.0,0.0,False
"llm_backend=stub,preset=full",3,10,t2_r018,0.0,0.0,0.0,False
"llm_backend=stub,preset=full",3,11,t4_r020,0.0,0.0,0.0,False
"llm_backend=stub,preset=full",3,12,t4_r002,0.0,0.0,0.0,False
"llm_backend=stub,preset=full",3,13,t2_r029,0.0,0.0,0.0,False
"llm_backend=stub,preset=full",3,14,t5_r019,0.0,0.0,0.0,False
"llm_backend=stub,preset=full",3,15,t1_r009,0.0,0.0,0.0,False
"llm_backend=stub,preset=full",3,16,t3_r004,0.0,0.0,0.0,False
"llm_backend=stub,preset=full",3,17,t5_r001,0.0,0.0,0.0,False
"llm_backend=stub,preset=full",3,18,t5_r020,0.0,0.0,0.0,False
"llm_backend=stub,preset=full",3,19,t2_r001,0.0,0.0,0.0,False
"llm_backend=stub,preset=full",4,0,t3_r029,0.0,0.0,0.0,False
"llm_backend=stub,preset=full",4,1,t1_r005,0.0,0.0,0.0,False
"llm_backend=stub,preset=full",4,2,t4_r027,0.0,0.0,0.0,False
"llm_backend=stub,preset=full",4,3,t3_r016,0.0,0.0,0.0,False
"llm_backend=stub,preset=full",4,4,t4_r018,0.0,0.0,0.0,False
"llm_backend=stub,preset=full",4,5,t5_r020,0.0,0.0,0.0,False
"llm_backend=stub,preset=full",4,6,t1_r024,0.0,0.0,0.0,False
"llm_backend=stub,preset=full",4,7,t2_r024,0.0,0.0,0.0,False
"llm_backend=stub,preset=full",4,8,t2_r028,0.0,0.0,0.0,False
"llm_backend=stub,preset=full",4,9,t4_r003,0.0,0.0,0.0,False
"llm_backend=stub,preset=full",4,10,t1_r025,0.0,0.0,0.0,False
"llm_backend=stub,preset=full",4,11,t2_r016,0.0,0.0,0.0,False
"llm_backend=stub,preset=full",4,12,t3_r002,0.0,0.0,0.0,False
"llm_backend=stub,preset=full",4,13,t3_r002,0.0,0.0,0.0,False
"llm_backend=stub,preset=full",4,14,t4_r024,0.0,0.0,0.0,False
"llm_backend=stub,preset=full",4,15,t3_r001,0.0,0.0,0.0,False
"llm_backend=stub,preset=full",4,16,t1_r008,0.0,0.0,0.0,False
"llm_backend=stub,preset=full",4,17,t4_r020,0.0,0.0,0.0,False
"llm_backend=stub,preset=full",4,18,t3_r021,0.0,0.0,0.0,False
"llm_backend=stub,preset=full",4,19,t4_r017,0.0,0.0,0.0,False
"llm_backend=ollama,preset=baseline",0,0,t3_r005,0.8,0.8,172800.0,True
"llm_backend=ollama,preset=baseline",0,1,t2_r004,0.8,0.8,172800.0,True
"llm_backend=ollama,preset=baseline",0,2,t4_r001,1.0,1.0,172800.0,True
"llm_backend=ollama,preset=baseline",0,3,t1_r015,0.8,0.8,172800.0,True
"llm_backend=ollama,preset=baseline",0,4,t2_r016,0.6667,0.6667,172800.0,True
"llm_backend=ollama,preset=baseline",0,5,t5_r016,0.8,0.8,172800.0,True
"llm_backend=ollama,preset=baseline",0,6,t1_r020,1.0,1.0,172800.0,True
"llm_backend=ollama,preset=baseline",0,7,t4_r015,0.8,0.8,172800.0,True
"llm_backend=ollama,preset=baseline",0,8,t4_r014,0.8,0.8,172800.0,True
"llm_backend=ollama,preset=baseline",0,9,t3_r019,0.8,0.8,172800.0,True
"llm_backend=ollama,preset=baseline",0,10,t5_r000,0.5,0.5,172800.0,True
"llm_backend=ollama,preset=baseline",0,11,t3_r029,0.8,0.8,172800.0,True
"llm_backend=ollama,preset=baseline",0,12,t2_r009,1.0,1.0,172800.0,True
"llm_backend=ollama,preset=baseline",0,13,t3_r011,0.8,0.8,172800.0,True
"llm_backend=ollama,preset=baseline",0,14,t3_r023,0.8,0.8,172800.0,True
"llm_backend=ollama,preset=baseline",0,15,t2_r021,0.8,0.8,172800.0,True
"llm_backend=ollama,preset=baseline",0,16,t5_r015,0.8,0.8,172800.0,True
"llm_backend=ollama,preset=baseline",0,17,t4_r000,0.6667,0.6667,172800.0,True
"llm_backend=ollama,preset=baseline",0,18,t4_r022,0.8,0.8,172800.0,True
"llm_backend=ollama,preset=baseline",0,19,t4_r026,0.8,0.8,172800.0,True
"llm_backend=ollama,preset=baseline",1,0,t3_r008,0.8,0.8,172800.0,True
"llm_backend=ollama,preset=baseline",1,1,t1_r000,0.6,0.6,172800.0,True
"llm_backend=ollama,preset=baseline",1,2,t1_r015,0.8,0.8,172800.0,True
"llm_backend=ollama,preset=baseline",1,3,t4_r018,0.8,0.8,172800.0,True
"llm_backend=ollama,preset=baseline",1,4,t5_r006,0.8,0.8,172800.0,True
"llm_backend=ollama,preset=baseline",1,5,t3_r019,0.8,0.8,172800.0,True
"llm_backend=ollama,preset=baseline",1,6,t3_r004,0.5,0.5,172800.0,True
"llm_backend=ollama,preset=baseline",1,7,t2_r003,0.8,0.8,172800.0,True
"llm_backend=ollama,preset=baseline",1,8,t2_r028,0.8,0.8,172800.0,True
"llm_backend=ollama,preset=baseline",1,9,t2_r026,0.8,0.8,172800.0,True
"llm_backend=ollama,preset=baseline",1,10,t4_r003,0.8,0.8,172800.0,True
"llm_backend=ollama,preset=baseline",1,11,t3_r014,0.8,0.8,172800.0,True
"llm_backend=ollama,preset=baseline",1,12,t1_r021,0.5,0.5,172800.0,True
"llm_backend=ollama,preset=baseline",1,13,t1_r023,0.2,0.2,86400.0,False
"llm_backend=ollama,preset=baseline",1,14,t3_r007,0.8,0.8,172800.0,True
"llm_backend=ollama,preset=baseline",1,15,t2_r014,0.8,0.8,172800.0,True
"llm_backend=ollama,preset=baseline",1,16,t5_r001,0.8,0.8,172800.0,True
"llm_backend=ollama,preset=baseline",1,17,t3_r000,0.6667,0.6667,172800.0,True
"llm_backend=ollama,preset=baseline",1,18,t1_r013,0.8,0.8,172800.0,True
"llm_backend=ollama,preset=baseline",1,19,t4_r019,0.8333,0.8333,172800.0,True
"llm_backend=ollama,preset=baseline",2,0,t2_r013,0.8,0.8,172800.0,True
"llm_backend=ollama,preset=baseline",2,1,t3_r022,0.8,0.8,172800.0,True
"llm_backend=ollama,preset=baseline",2,2,t3_r005,0.8,0.8,172800.0,True
"llm_backend=ollama,preset=baseline",2,3,t2_r016,0.6667,0.6667,172800.0,True
"llm_backend=ollama,preset=baseline",2,4,t3_r001,0.8,0.8,172800.0,True
"llm_backend=ollama,preset=baseline",2,5,t5_r012,0.8,0.8,172800.0,True
"llm_backend=ollama,preset=baseline",2,6,t5_r002,0.8,0.8,172800.0,True
"llm_backend=ollama,preset=baseline",2,7,t4_r013,0.6,0.6,172800.0,True
"llm_backend=ollama,preset=baseline",2,8,t1_r014,0.8,0.8,172800.0,True
"llm_backend=ollama,preset=baseline",2,9,t4_r015,0.8,0.8,172800.0,True
"llm_backend=ollama,preset=baseline",2,10,t4_r011,0.8,0.8,172800.0,True
"llm_backend=ollama,preset=baseline",2,11,t2_r002,0.8,0.8,172800.0,True
"llm_backend=ollama,preset=baseline",2,12,t1_r027,0.8,0.8,172800.0,True
"llm_backend=ollama,preset=baseline",2,13,t5_r005,0.8,0.8,172800.0,True
"llm_backend=ollama,preset=baseline",2,14,t5_r014,0.8,0.8,172800.0,True
"llm_backend=ollama,preset=baseline",2,15,t5_r003,0.8,0.8,172800.0,True
"llm_backend=ollama,preset=baseline",2,16,t1_r013,0.6,0.6,172800.0,True
"llm_backend=ollama,preset=baseline",2,17,t2_r022,0.8,0.8,172800.0,True
"llm_backend=ollama,preset=baseline",2,18,t5_r022,0.8,0.8,172800.0,True
"llm_backend=ollama,preset=baseline",2,19,t1_r022,0.8,0.8,172800.0,True
"llm_backend=ollama,preset=baseline",3,0,t4_r022,0.8,0.8,172800.0,True
"llm_backend=ollama,preset=baseline",3,1,t4_r028,0.8,0.8,172800.0,True
"llm_backend=ollama,preset=baseline",3,2,t1_r028,0.8,0.8,172800.0,True
"llm_backend=ollama,preset=baseline",3,3,t5_r013,0.8,0.8,172800.0,True
"llm_backend=ollama,preset=baseline",3,4,t2_r008,0.8,0.8,172800.0,True
"llm_backend=ollama,preset=baseline",3,5,t1_r029,0.8,0.8,172800.0,True
"llm_backend=ollama,preset=baseline",3,6,t1_r016,0.8,0.8,172800.0,True
"llm_backend=ollama,preset=baseline",3,7,t4_r008,0.5,0.5,172800.0,True
"llm_backend=ollama,preset=baseline",3,8,t5_r023,0.8,0.8,172800.0,True
"llm_backend=ollama,preset=baseline",3,9,t4_r015,0.2,0.2,172800.0,True
"llm_backend=ollama,preset=baseline",3,10,t2_r018,0.5,0.5,172800.0,True
"llm_backend=ollama,preset=baseline",3,11,t4_r020,0.8,0.8,172800.0,True
"llm_backend=ollama,preset=baseline",3,12,t4_r002,0.6667,0.6667,172800.0,True
"llm_backend=ollama,preset=baseline",3,13,t2_r029,0.8,0.8,172800.0,True
"llm_backend=ollama,preset=baseline",3,14,t5_r019,0.8,0.8,172800.0,True
"llm_backend=ollama,preset=baseline",3,15,t1_r009,0.4,0.4,172800.0,True
"llm_backend=ollama,preset=baseline",3,16,t3_r004,0.6667,0.6667,172800.0,True
"llm_backend=ollama,preset=baseline",3,17,t5_r001,0.8,0.8,172800.0,True
"llm_backend=ollama,preset=baseline",3,18,t5_r020,0.2,0.2,28800.0,False
"llm_backend=ollama,preset=baseline",3,19,t2_r001,0.6667,0.6667,172800.0,True
"llm_backend=ollama,preset=baseline",4,0,t3_r029,0.8,0.8,172800.0,True
"llm_backend=ollama,preset=baseline",4,1,t1_r005,0.8,0.8,172800.0,True
"llm_backend=ollama,preset=baseline",4,2,t4_r027,0.8,0.8,172800.0,True
"llm_backend=ollama,preset=baseline",4,3,t3_r016,0.8,0.8,172800.0,True
"llm_backend=ollama,preset=baseline",4,4,t4_r018,0.8,0.8,172800.0,True
"llm_backend=ollama,preset=baseline",4,5,t5_r020,0.2,0.2,7200.0,False
"llm_backend=ollama,preset=baseline",4,6,t1_r024,1.0,1.0,172800.0,True
"llm_backend=ollama,preset=baseline",4,7,t2_r024,0.8,0.8,172800.0,True
"llm_backend=ollama,preset=baseline",4,8,t2_r028,0.8,0.8,172800.0,True
"llm_backend=ollama,preset=baseline",4,9,t4_r003,0.8,0.8,172800.0,True
"llm_backend=ollama,preset=baseline",4,10,t1_r025,0.8,0.8,172800.0,True
"llm_backend=ollama,preset=baseline",4,11,t2_r016,0.5,0.5,172800.0,True
"llm_backend=ollama,preset=baseline",4,12,t3_r002,0.8,0.8,172800.0,True
"llm_backend=ollama,preset=baseline",4,13,t3_r002,0.8,0.8,172800.0,True
"llm_backend=ollama,preset=baseline",4,14,t4_r024,0.8,0.8,172800.0,False
"llm_backend=ollama,preset=baseline",4,15,t3_r001,0.8,0.8,172800.0,True
"llm_backend=ollama,preset=baseline",4,16,t1_r008,0.8,0.8,172800.0,True
"llm_backend=ollama,preset=baseline",4,17,t4_r020,0.8,0.8,172800.0,True
"llm_backend=ollama,preset=baseline",4,18,t3_r021,0.8,0.8,172800.0,True
"llm_backend=ollama,preset=baseline",4,19,t4_r017,0.4,0.4,172800.0,True
"llm_backend=ollama,preset=full",0,0,t3_r005,0.0,0.0,0.0,False
"llm_backend=ollama,preset=full",0,1,t2_r004,0.0,0.0,0.0,False
"llm_backend=ollama,preset=full",0,2,t4_r001,0.0,0.0,0.0,False
"llm_backend=ollama,preset=full",0,3,t1_r015,0.0,0.0,0.0,False
"llm_backend=ollama,preset=full",0,4,t2_r016,0.0,0.0,0.0,False
"llm_backend=ollama,preset=full",0,5,t5_r016,0.0,0.0,0.0,False
"llm_backend=ollama,preset=full",0,6,t1_r020,0.0,0.0,0.0,False
"llm_backend=ollama,preset=full",0,7,t4_r015,0.0,0.0,0.0,False
"llm_backend=ollama,preset=full",0,8,t4_r014,0.0,0.0,0.0,False
"llm_backend=ollama,preset=full",0,9,t3_r019,0.0,0.0,0.0,False
"llm_backend=ollama,preset=full",0,10,t5_r000,0.0,0.0,0.0,False
"llm_backend=ollama,preset=full",0,11,t3_r029,0.0,0.0,0.0,False
"llm_backend=ollama,preset=full",0,12,t2_r009,0.0,0.0,0.0,False
"llm_backend=ollama,preset=full",0,13,t3_r011,0.0,0.0,0.0,False
"llm_backend=ollama,preset=full",0,14,t3_r023,0.0,0.0,0.0,False
"llm_backend=ollama,preset=full",0,15,t2_r021,0.0,0.0,0.0,False
"llm_backend=ollama,preset=full",0,16,t5_r015,0.0,0.0,0.0,False
"llm_backend=ollama,preset=full",0,17,t4_r000,0.0,0.0,0.0,False
"llm_backend=ollama,preset=full",0,18,t4_r022,0.0,0.0,0.0,False
"llm_backend=ollama,preset=full",0,19,t4_r026,0.0,0.0,0.0,False
"llm_backend=ollama,preset=full",1,0,t3_r008,0.0,0.0,0.0,False
"llm_backend=ollama,preset=full",1,1,t1_r000,0.0,0.0,0.0,False
"llm_backend=ollama,preset=full",1,2,t1_r015,0.0,0.0,0.0,False
"llm_backend=ollama,preset=full",1,3,t4_r018,0.0,0.0,0.0,False
"llm_backend=ollama,preset=full",1,4,t5_r006,0.0,0.0,0.0,False
"llm_backend=ollama,preset=full",1,5,t3_r019,0.0,0.0,0.0,False
"llm_backend=ollama,preset=full",1,6,t3_r004,0.0,0.0,0.0,False
"llm_backend=ollama,preset=full",1,7,t2_r003,0.0,0.0,0.0,False
"llm_backend=ollama,preset=full",1,8,t2_r028,0.0,0.0,0.0,False
"llm_backend=ollama,preset=full",1,9,t2_r026,0.0,0.0,0.0,False
"llm_backend=ollama,preset=full",1,10,t4_r003,0.0,0.0,0.0,False
"llm_backend=ollama,preset=full",1,11,t3_r014,0.0,0.0,0.0,False
"llm_backend=ollama,preset=full",1,12,t1_r021,0.0,0.0,0.0,False
"llm_backend=ollama,preset=full",1,13,t1_r023,0.0,0.0,0.0,False
"llm_backend=ollama,preset=full",1,14,t3_r007,0.0,0.0,0.0,False
"llm_backend=ollama,preset=full",1,15,t2_r014,0.0,0.0,0.0,False
"llm_backend=ollama,preset=full",1,16,t5_r001,0.0,0.0,0.0,False
"llm_backend=ollama,preset=full",1,17,t3_r000,0.0,0.0,0.0,False
"llm_backend=ollama,preset=full",1,18,t1_r013,0.0,0.0,0.0,False
"llm_backend=ollama,preset=full",1,19,t4_r019,0.0,0.0,0.0,False
"llm_backend=ollama,preset=full",2,0,t2_r013,0.0,0.0,0.0,False
"llm_backend=ollama,preset=full",2,1,t3_r022,0.0,0.0,0.0,False
"llm_backend=ollama,preset=full",2,2,t3_r005,0.0,0.0,0.0,False
"llm_backend=ollama,preset=full",2,3,t2_r016,0.0,0.0,0.0,False
"llm_backend=ollama,preset=full",2,4,t3_r001,0.0,0.0,0.0,False
"llm_backend=ollama,preset=full",2,5,t5_r012,0.0,0.0,0.0,False
"llm_backend=ollama,preset=full",2,6,t5_r002,0.0,0.0,0.0,False
"llm_backend=ollama,preset=full",2,7,t4_r013,0.0,0.0,0.0,False
"llm_backend=ollama,preset=full",2,8,t1_r014,0.0,0.0,0.0,False
"llm_backend=ollama,preset=full",2,9,t4_r015,0.0,0.0,0.0,False
"llm_backend=ollama,preset=full",2,10,t4_r011,0.0,0.0,0.0,False
"llm_backend=ollama,preset=full",2,11,t2_r002,0.0,0.0,0.0,False
"llm_backend=ollama,preset=full",2,12,t1_r027,0.0,0.0,0.0,False
"llm_backend=ollama,preset=full",2,13,t5_r005,0.0,0.0,0.0,False
"llm_backend=ollama,preset=full",2,14,t5_r014,0.0,0.0,0.0,False
"llm_backend=ollama,preset=full",2,15,t5_r003,0.0,0.0,0.0,False
"llm_backend=ollama,preset=full",2,16,t1_r013,0.0,0.0,0.0,False
"llm_backend=ollama,preset=full",2,17,t2_r022,0.0,0.0,0.0,False
"llm_backend=ollama,preset=full",2,18,t5_r022,0.0,0.0,0.0,False
"llm_backend=ollama,preset=full",2,19,t1_r022,0.0,0.0,0.0,False
"llm_backend=ollama,preset=full",3,0,t4_r022,0.0,0.0,0.0,False
"llm_backend=ollama,preset=full",3,1,t4_r028,0.0,0.0,0.0,False
"llm_backend=ollama,preset=full",3,2,t1_r028,0.0,0.0,0.0,False
"llm_backend=ollama,preset=full",3,3,t5_r013,0.0,0.0,0.0,False
"llm_backend=ollama,preset=full",3,4,t2_r008,0.0,0.0,0.0,False
"llm_backend=ollama,preset=full",3,5,t1_r029,0.0,0.0,0.0,False
"llm_backend=ollama,preset=full",3,6,t1_r016,0.0,0.0,0.0,False
"llm_backend=ollama,preset=full",3,7,t4_r008,0.0,0.0,0.0,False
"llm_backend=ollama,preset=full",3,8,t5_r023,0.0,0.0,0.0,False
"llm_backend=ollama,preset=full",3,9,t4_r015,0.0,0.0,0.0,False
"llm_backend=ollama,preset=full",3,10,t2_r018,0.0,0.0,0.0,False
"llm_backend=ollama,preset=full",3,11,t4_r020,0.0,0.0,0.0,False
"llm_backend=ollama,preset=full",3,12,t4_r002,0.0,0.0,0.0,False
"llm_backend=ollama,preset=full",3,13,t2_r029,0.0,0.0,0.0,False
"llm_backend=ollama,preset=full",3,14,t5_r019,0.0,0.0,0.0,False
"llm_backend=ollama,preset=full",3,15,t1_r009,0.0,0.0,0.0,False
"llm_backend=ollama,preset=full",3,16,t3_r004,0.0,0.0,0.0,False
"llm_backend=ollama,preset=full",3,17,t5_r001,0.0,0.0,0.0,False
"llm_backend=ollama,preset=full",3,18,t5_r020,0.0,0.0,0.0,False
"llm_backend=ollama,preset=full",3,19,t2_r001,0.0,0.0,0.0,False
"llm_backend=ollama,preset=full",4,0,t3_r029,0.0,0.0,0.0,False
"llm_backend=ollama,preset=full",4,1,t1_r005,0.0,0.0,0.0,False
"llm_backend=ollama,preset=full",4,2,t4_r027,0.0,0.0,0.0,False
"llm_backend=ollama,preset=full",4,3,t3_r016,0.0,0.0,0.0,False
"llm_backend=ollama,preset=full",4,4,t4_r018,0.0,0.0,0.0,False
"llm_backend=ollama,preset=full",4,5,t5_r020,0.0,0.0,0.0,False
"llm_backend=ollama,preset=full",4,6,t1_r024,0.0,0.0,0.0,False
"llm_backend=ollama,preset=full",4,7,t2_r024,0.0,0.0,0.0,False
"llm_backend=ollama,preset=full",4,8,t2_r028,0.0,0.0,0.0,False
"llm_backend=ollama,preset=full",4,9,t4_r003,0.0,0.0,0.0,False
"llm_backend=ollama,preset=full",4,10,t1_r025,0.0,0.0,0.0,False
"llm_backend=ollama,preset=full",4,11,t2_r016,0.0,0.0,0.0,False
"llm_backend=ollama,preset=full",4,12,t3_r002,0.0,0.0,0.0,False
"llm_backend=ollama,preset=full",4,13,t3_r002,0.0,0.0,0.0,False
"llm_backend=ollama,preset=full",4,14,t4_r024,0.0,0.0,0.0,False
"llm_backend=ollama,preset=full",4,15,t3_r001,0.0,0.0,0.0,False
"llm_backend=ollama,preset=full",4,16,t1_r008,0.0,0.0,0.0,False
"llm_backend=ollama,preset=full",4,17,t4_r020,0.0,0.0,0.0,False
"llm_backend=ollama,preset=full",4,18,t3_r021,0.0,0.0,0.0,False
"llm_backend=ollama,preset=full",4,19,t4_r017,0.0,0.0,0.0,False
